FromNodeNumber	ToNodeNumber	RoutingType	LoadType	MoveNumber	Speed	APlusMacro	EstimatedMoveTime	Distance	Cost	MaxLockTo	DetourAPlusMacro
601	602	APL	ALL	6010602	-50	M06010602	0	700	0	0	
2	3	AGV	ALL	20003	500	M00020003	0	3976	0	0	
3	4	AGV	ALL	30004	15	M00030004	0	0	0	0	
4	5	AGV	ALL	40005	500	M00040005	0	3976	0	0	
5	6	AGV	ALL	50006	300	M00050006	0	4000	0	0	
6	7	AGV	ALL	60007	500	M00060007	0	4000	0	0	
7	8	AGV	ALL	70008	500	M00070008	0	3822	0	0	
8	9	AGV	ALL	80009	-15	M00080009	0	0	0	0	
9	10	AGV	ALL	90010	500	M00090010	0	3822	0	0	
10	1	AGV	ALL	100001	300	M00100001	0	4000	0	0	
601	603	APL	ALL	6010603	50	M06010603	0	700	0	0	
601	604	APL	ALL	6010604	-50	M06010604	0	1399	0	0	
601	605	APL	ALL	6010605	50	M06010605	0	1400	0	0	
602	601	APL	ALL	6020601	50	M06020601	0	700	0	0	
602	603	APL	ALL	6020603	50	M06020603	0	1400	0	0	
602	604	APL	ALL	6020604	-50	M06020604	0	699	0	0	
602	605	APL	ALL	6020605	50	M06020605	0	2100	0	0	
603	601	APL	ALL	6030601	-50	M06030601	0	700	0	0	
603	602	APL	ALL	6030602	-50	M06030602	0	1400	0	0	
603	604	APL	ALL	6030604	-50	M06030604	0	2099	0	0	
1	2	AGV	ALL	10002	500	M00010002	0	4000	0	0	
2526	4050	AGV	ALL	25264050	600	M25264050	0	4860	0	0	
2002	2003	AGV	ALL	20022003	1000	M20022003	0	2861	0	0	
603	605	APL	ALL	6030605	50	M06030605	0	700	0	0	
2003	2004	AGV	ALL	20032004	1000	M20032004	0	3215	0	0	
2003	5000	AGV	ALL	20035000	-500	M20035000	0	4076	0	0	
2004	2005	AGV	ALL	20042005	1000	M20042005	0	3584	0	0	
2005	2006	AGV	ALL	20052006	1000	M20052006	0	3704	0	0	
2012	5060	AGV	ALL	20125060	-500	M20125060	0	3887	0	0	
2006	2007	AGV	ALL	20062007	1000	M20062007	0	3740	0	0	
2007	2008	AGV	ALL	20072008	1000	M20072008	0	2054	0	0	
2022	5360	AGV	ALL	20225360	-500	M20225360	0	3747	0	0	
2760	7492	AGV	ALL	27607492	600	M27607492	0	4631	0	0	
2008	4032	AGV	ALL	20084032	600	M20084032	0	4937	0	0	
2009	2010	AGV	ALL	20092010	1000	M20092010	0	1375	0	0	
2766	7432	AGV	ALL	27667432	600	M27667432	0	4639	0	0	
2010	2011	AGV	ALL	20102011	1000	M20102011	0	5502	0	0	
604	601	APL	ALL	6040601	50	M06040601	0	1399	0	0	
2011	2012	AGV	ALL	20112012	1000	M20112012	0	5222	0	0	
2012	2013	AGV	ALL	20122013	1000	M20122013	0	3117	0	0	
2024	5380	AGV	ALL	20245380	-500	M20245380	0	3780	0	0	
2013	2014	AGV	ALL	20132014	1000	M20132014	0	3755	0	0	
2014	2015	AGV	ALL	20142015	1000	M20142015	0	3687	0	0	
2030	5400	AGV	ALL	20305400	-500	M20305400	0	4062	0	0	
2015	2016	AGV	ALL	20152016	1000	M20152016	0	3697	0	0	
2016	2017	AGV	ALL	20162017	1000	M20162017	0	921	0	0	
2032	5420	AGV	ALL	20325420	-500	M20325420	0	3754	0	0	
2017	2018	AGV	ALL	20172018	1000	M20172018	0	2358	0	0	
2017	4025	AGV	ALL	20174025	500	M20174025	0	3711	0	0	
2018	2019	AGV	ALL	20182019	1000	M20182019	0	3910	0	0	
2018	4525	AGV	ALL	20184525	500	M20184525	0	3162	0	0	
2019	2020	AGV	ALL	20192020	1000	M20192020	0	5263	0	0	
604	602	APL	ALL	6040602	50	M06040602	0	699	0	0	
2020	2021	AGV	ALL	20202021	1000	M20202021	0	3001	0	0	
2035	5440	AGV	ALL	20355440	-500	M20355440	0	3811	0	0	
2021	2022	AGV	ALL	20212022	1000	M20212022	0	4079	0	0	
2022	2023	AGV	ALL	20222023	1000	M20222023	0	3657	0	0	
2045	4504	AGV	ALL	20454504	700	M20454504	0	4977	0	0	
2023	2024	AGV	ALL	20232024	1000	M20232024	0	3481	0	0	
2024	2025	AGV	ALL	20242025	1000	M20242025	0	2166	0	0	
2502	6110	AGV	ALL	25026110	-500	M25026110	0	4636	0	0	
2025	2026	AGV	ALL	20252026	1000	M20252026	0	4700	0	0	
2025	4018	AGV	ALL	20254018	600	M20254018	0	5268	0	0	
2773	7372	AGV	ALL	27737372	600	M27737372	0	5495	0	0	
2026	4518	AGV	ALL	20264518	600	M20264518	0	3441	0	0	
2027	2028	AGV	ALL	20272028	1000	M20272028	0	2838	0	0	
604	603	APL	ALL	6040603	50	M06040603	0	2099	0	0	
2028	2029	AGV	ALL	20282029	1000	M20282029	0	3861	0	0	
2029	2030	AGV	ALL	20292030	1000	M20292030	0	4205	0	0	
2030	2031	AGV	ALL	20302031	1000	M20302031	0	3339	0	0	
2502	6170	AGV	ALL	25026170	-500	M25026170	0	4412	0	0	
2031	2032	AGV	ALL	20312032	1000	M20312032	0	3333	0	0	
2032	2033	AGV	ALL	20322033	1000	M20322033	0	3368	0	0	
2505	6090	AGV	ALL	25056090	-500	M25056090	0	4600	0	0	
2033	2034	AGV	ALL	20332034	1000	M20332034	0	2088	0	0	
2034	2035	AGV	ALL	20342035	1000	M20342035	0	1754	0	0	
4529	9011	AGV	ALL	45299011	1000	M45299011	0	3557	0	0	
2035	2036	AGV	ALL	20352036	1000	M20352036	0	1115	0	0	
2036	2037	AGV	ALL	20362037	700	M20362037	0	4993	30000	0	
2036	4011	AGV	ALL	20364011	600	M20364011	0	4054	0	0	
2036	4511	AGV	ALL	20364511	600	M20364511	0	3828	0	0	
3507	9313	AGV	ALL	35079313	1000	M35079313	0	2133	0	0	
2038	2039	AGV	ALL	20382039	1000	M20382039	0	3964	0	0	
2039	2040	AGV	ALL	20392040	1000	M20392040	0	3938	0	0	
2040	2041	AGV	ALL	20402041	1000	M20402041	0	3949	0	0	
2041	2042	AGV	ALL	20412042	1000	M20412042	0	3950	0	0	
2042	2043	AGV	ALL	20422043	1000	M20422043	0	1817	0	0	
2043	2044	AGV	ALL	20432044	1000	M20432044	0	3197	0	0	
2044	2045	AGV	ALL	20442045	1000	M20442045	0	3463	0	0	
2045	2046	AGV	ALL	20452046	1000	M20452046	0	3930	0	0	
2046	2047	AGV	ALL	20462047	1000	M20462047	0	3968	0	0	
2047	2048	AGV	ALL	20472048	1000	M20472048	0	3924	0	0	
2048	2049	AGV	ALL	20482049	1000	M20482049	0	3975	0	0	
2049	2050	AGV	ALL	20492050	1000	M20492050	0	3984	0	0	
2050	2051	AGV	ALL	20502051	1000	M20502051	0	4492	0	0	
2051	2052	AGV	ALL	20512052	1000	M20512052	0	3940	0	0	
2052	2053	AGV	ALL	20522053	1000	M20522053	0	2861	0	0	AreaCheckDetour(4001,4500,"45_West")
2053	2054	AGV	ALL	20532054	1000	M20532054	0	786	0	0	
2054	4001	AGV	ALL	20544001	600	M20544001	0	4584	0	0	
2054	4500	AGV	ALL	20544500	600	M20544500	0	5161	0	0	
2500	2501	AGV	ALL	25002501	1000	M25002501	0	1500	0	0	
2501	2502	AGV	ALL	25012502	1000	M25012502	0	5421	0	0	
2502	2503	AGV	ALL	25022503	1000	M25022503	0	2098	0	0	
2507	6070	AGV	ALL	25076070	-500	M25076070	0	4406	0	0	
2507	6150	AGV	ALL	25076150	-500	M25076150	0	4310	0	0	
2503	2504	AGV	ALL	25032504	1000	M25032504	0	2239	0	0	
2504	2505	AGV	ALL	25042505	1000	M25042505	0	2739	0	0	
2505	2506	AGV	ALL	25052506	1000	M25052506	0	3311	0	0	
2513	6050	AGV	ALL	25136050	-500	M25136050	0	4358	0	0	
2513	6140	AGV	ALL	25136140	-500	M25136140	0	5847	0	0	
2506	2507	AGV	ALL	25062507	1000	M25062507	0	3558	0	0	
2507	2508	AGV	ALL	25072508	1000	M25072508	0	2777	0	0	
2515	6030	AGV	ALL	25156030	-500	M25156030	0	3939	0	0	
2515	6130	AGV	ALL	25156130	-500	M25156130	0	5114	0	0	
2508	2509	AGV	ALL	25082509	1000	M25082509	0	3547	0	0	
3524	6760	AGV	ALL	35246760	-500	M35246760	0	3194	0	0	
2509	2510	AGV	ALL	25092510	1000	M25092510	0	3500	0	0	
2509	4534	AGV	ALL	25094534	400	M25094534	0	3174	0	0	
2510	2511	AGV	ALL	25102511	1000	M25102511	0	4403	0	0	
605	602	APL	ALL	6050602	-50	M06050602	0	2100	0	0	
2511	2512	AGV	ALL	25112512	1000	M25112512	0	3406	0	0	
2512	2513	AGV	ALL	25122513	1000	M25122513	0	3494	0	0	
2513	2514	AGV	ALL	25132514	1000	M25132514	0	2812	0	0	
2517	6010	AGV	ALL	25176010	-500	M25176010	0	3868	0	0	
2521	6450	AGV	ALL	25216450	-500	M25216450	0	4624	0	0	
2514	2515	AGV	ALL	25142515	1000	M25142515	0	3687	0	0	
2515	2516	AGV	ALL	25152516	1000	M25152516	0	3486	0	0	
2521	6510	AGV	ALL	25216510	-500	M25216510	0	4442	0	0	
2523	6430	AGV	ALL	25236430	-500	M25236430	0	4349	0	0	
2516	2517	AGV	ALL	25162517	1000	M25162517	0	3513	0	0	
2517	2518	AGV	ALL	25172518	1000	M25172518	0	2599	0	0	
2517	4024	AGV	ALL	25174024	500	M25174024	0	3467	0	0	
2523	6500	AGV	ALL	25236500	-500	M25236500	0	4256	0	0	
2525	6410	AGV	ALL	25256410	-500	M25256410	0	4145	0	0	
2518	2519	AGV	ALL	25182519	1000	M25182519	0	4900	0	0	
4023	2519	AGV	ALL	40232519	600	M40232519	0	5262	0	0	
2519	2520	AGV	ALL	25192520	1000	M25192520	0	2749	0	0	
2520	2521	AGV	ALL	25202521	1000	M25202521	0	3450	0	0	
2521	2522	AGV	ALL	25212522	1000	M25212522	0	3359	0	0	
2525	6490	AGV	ALL	25256490	-500	M25256490	0	4021	0	0	
2531	6390	AGV	ALL	25316390	-500	M25316390	0	4338	0	0	
2522	2523	AGV	ALL	25222523	1000	M25222523	0	3406	0	0	
2523	2524	AGV	ALL	25232524	1000	M25232524	0	3406	0	0	
2531	6480	AGV	ALL	25316480	-500	M25316480	0	5684	0	0	
2533	6370	AGV	ALL	25336370	-500	M25336370	0	3882	0	0	
2524	2525	AGV	ALL	25242525	1000	M25242525	0	3405	0	0	
2525	2526	AGV	ALL	25252526	1000	M25252526	0	2322	0	0	
2533	6470	AGV	ALL	25336470	-500	M25336470	0	5022	0	0	
2535	6350	AGV	ALL	25356350	-500	M25356350	0	3899	0	0	
2526	2527	AGV	ALL	25262527	1000	M25262527	0	4369	0	0	
2037	2038	AGV	ALL	20372038	500	M20372038	0	2294	0	0	
2527	2528	AGV	ALL	25272528	1000	M25272528	0	3525	0	0	
2527	4519	AGV	ALL	25274519	500	M25274519	0	3166	0	0	
2528	2529	AGV	ALL	25282529	1000	M25282529	0	3404	0	0	
605	603	APL	ALL	6050603	-50	M06050603	0	700	0	0	
2529	2530	AGV	ALL	25292530	1000	M25292530	0	3406	0	0	
2530	2531	AGV	ALL	25302531	1000	M25302531	0	4395	0	0	
2531	2532	AGV	ALL	25312532	1000	M25312532	0	2416	0	0	
4000	4001	AGV	ALL	40004001	700	M40004001	0	4294	0	0	
2539	6770	AGV	ALL	25396770	-500	M25396770	0	4335	0	0	
2532	2533	AGV	ALL	25322533	1000	M25322533	0	4048	0	0	
2533	2534	AGV	ALL	25332534	1000	M25332534	0	2762	0	0	
2539	6830	AGV	ALL	25396830	-500	M25396830	0	4191	0	0	
2541	6750	AGV	ALL	25416750	-500	M25416750	0	4337	0	0	
2534	2535	AGV	ALL	25342535	1000	M25342535	0	4447	0	0	
2535	2536	AGV	ALL	25352536	1000	M25352536	0	1125	0	0	
2541	6820	AGV	ALL	25416820	-500	M25416820	0	4207	0	0	
2543	6730	AGV	ALL	25436730	-500	M25436730	0	5223	0	0	
2536	2537	AGV	ALL	25362537	1000	M25362537	0	4643	0	0	
2536	4010	AGV	ALL	25364010	600	M25364010	0	4317	0	0	
2536	4512	AGV	ALL	25364512	600	M25364512	0	3846	0	0	
2537	2538	AGV	ALL	25372538	1000	M25372538	0	3405	0	0	
2538	2539	AGV	ALL	25382539	1000	M25382539	0	4015	0	0	
2539	2540	AGV	ALL	25392540	1000	M25392540	0	2796	0	0	
2543	6810	AGV	ALL	25436810	-500	M25436810	0	5071	0	0	
2549	6710	AGV	ALL	25496710	-500	M25496710	0	4267	0	0	
2540	2541	AGV	ALL	25402541	1000	M25402541	0	4322	0	0	
2541	2542	AGV	ALL	25412542	1000	M25412542	0	2487	0	0	
2549	6800	AGV	ALL	25496800	-500	M25496800	0	5578	0	0	
2551	6690	AGV	ALL	25516690	-500	M25516690	0	3873	0	0	
2542	2543	AGV	ALL	25422543	1000	M25422543	0	5588	0	0	
2543	2544	AGV	ALL	25432544	1000	M25432544	0	1223	0	0	
2551	6790	AGV	ALL	25516790	-500	M25516790	0	5026	0	0	
2553	6670	AGV	ALL	25536670	-500	M25536670	0	3769	0	0	
2544	2545	AGV	ALL	25442545	1000	M25442545	0	3905	0	0	
4006	2546	AGV	ALL	40062546	600	M40062546	0	4289	0	0	
2545	2546	AGV	ALL	25452546	1000	M25452546	0	1464	0	0	
2545	4505	AGV	ALL	25454505	600	M25454505	0	3997	0	0	
2546	2547	AGV	ALL	25462547	1000	M25462547	0	4845	0	0	
2547	2548	AGV	ALL	25472548	1000	M25472548	0	3701	0	0	
2548	2549	AGV	ALL	25482549	1000	M25482549	0	4950	0	0	
2549	2550	AGV	ALL	25492550	1000	M25492550	0	2789	0	0	
4543	2500	AGV	ALL	45432500	600	M45432500	0	4782	0	0	
2555	7650	AGV	ALL	25557650	-500	M25557650	0	4822	0	0	
2550	2551	AGV	ALL	25502551	1000	M25502551	0	3762	0	0	
2551	2552	AGV	ALL	25512552	1000	M25512552	0	3643	0	0	
2759	7530	AGV	ALL	27597530	-300	M27597530	0	1994	0	0	
2760	7520	AGV	ALL	27607520	-300	M27607520	0	1993	0	0	
2552	2553	AGV	ALL	25522553	1000	M25522553	0	3384	0	0	
2553	2554	AGV	ALL	25532554	1000	M25532554	0	2069	0	0	
2761	7510	AGV	ALL	27617510	-300	M27617510	0	1993	0	0	
2762	7500	AGV	ALL	27627500	-300	M27627500	0	1994	0	0	
2554	2555	AGV	ALL	25542555	1000	M25542555	0	468	0	0	
2555	4000	AGV	ALL	25554000	600	M25554000	0	4974	30000	0	
2555	4501	AGV	ALL	25554501	600	M25554501	0	4921	0	0	
2750	2751	AGV	ALL	27502751	1000	M27502751	0	1782	0	0	
2751	2752	AGV	ALL	27512752	1000	M27512752	0	3509	0	0	
2752	2753	AGV	ALL	27522753	1000	M27522753	0	2514	0	0	
2753	2754	AGV	ALL	27532754	1000	M27532754	0	3387	0	0	
2754	2755	AGV	ALL	27542755	1000	M27542755	0	2500	0	0	
2755	2756	AGV	ALL	27552756	1000	M27552756	0	3076	0	0	
2756	2757	AGV	ALL	27562757	1000	M27562757	0	3929	0	0	
2757	2758	AGV	ALL	27572758	1000	M27572758	0	2970	50000	0	
2758	2759	AGV	ALL	27582759	1000	M27582759	0	1888	0	0	
2759	2760	AGV	ALL	27592760	1000	M27592760	0	1888	0	0	
4031	4049	AGV	ALL	40314049	1000	M40314049	0	2899	0	0	
2760	2761	AGV	ALL	27602761	1000	M27602761	0	1878	0	0	
7362	2779	AGV	ALL	73622779	700	M73622779	0	5127	0	0	
4039	2501	AGV	ALL	40392501	500	M40392501	0	4004	0	0	
2761	2762	AGV	ALL	27612762	1000	M27612762	0	1880	0	0	
2765	7470	AGV	ALL	27657470	-300	M27657470	0	1995	0	0	
2762	2763	AGV	ALL	27622763	1000	M27622763	0	1879	0	0	
2766	7460	AGV	ALL	27667460	-300	M27667460	0	1993	0	0	
2763	2764	AGV	ALL	27632764	1000	M27632764	0	1886	0	0	
2767	7450	AGV	ALL	27677450	-300	M27677450	0	2001	0	0	
2764	2765	AGV	ALL	27642765	1000	M27642765	0	1859	0	0	
2768	7440	AGV	ALL	27687440	-300	M27687440	0	1999	0	0	
2765	2766	AGV	ALL	27652766	1000	M27652766	0	1888	0	0	
4041	2002	AGV	ALL	40412002	600	M40412002	0	6387	0	0	
2766	2767	AGV	ALL	27662767	1000	M27662767	0	1877	0	0	
7422	2772	AGV	ALL	74222772	700	M74222772	0	5154	0	0	
2767	2768	AGV	ALL	27672768	1000	M27672768	0	1885	0	0	
2771	7410	AGV	ALL	27717410	-300	M27717410	0	1994	0	0	
2768	2769	AGV	ALL	27682769	1000	M27682769	0	1888	0	0	
2772	7400	AGV	ALL	27727400	-300	M27727400	0	1994	0	0	
2769	2770	AGV	ALL	27692770	1000	M27692770	0	1854	0	0	
2773	7390	AGV	ALL	27737390	-300	M27737390	0	1993	0	0	
605	604	APL	ALL	6050604	-50	M06050604	0	2799	0	0	
2770	2771	AGV	ALL	27702771	1000	M27702771	0	1892	0	0	
2775	7380	AGV	ALL	27757380	-500	M27757380	0	1998	0	0	
2771	2772	AGV	ALL	27712772	1000	M27712772	0	1888	0	0	
7410	4300	AGV	ALL	74104300	600	M74104300	0	2935	0	0	
2772	2773	AGV	ALL	27722773	1000	M27722773	0	1880	0	0	
7422	4300	AGV	ALL	74224300	700	M74224300	0	4317	0	0	
611	612	APL	Roll	6110612	-50	M06110612	0	700	0	0	
2773	2774	AGV	ALL	27732774	1000	M27732774	0	1888	0	0	
2778	7350	AGV	ALL	27787350	-500	M27787350	0	1994	0	0	
2774	2775	AGV	ALL	27742775	1000	M27742775	0	2768	0	0	
2775	2776	AGV	ALL	27752776	1000	M27752776	0	1875	0	0	
2779	7340	AGV	ALL	27797340	-500	M27797340	0	1994	0	0	
2776	2777	AGV	ALL	27762777	1000	M27762777	0	1866	0	0	
2763	7473	AGV	ALL	27637473	700	M27637473	0	3752	0	0	
2780	7330	AGV	ALL	27807330	-500	M27807330	0	1994	0	0	
2777	2778	AGV	ALL	27772778	1000	M27772778	0	1888	0	0	
2781	7320	AGV	ALL	27817320	-500	M27817320	0	1995	0	0	
2778	2779	AGV	ALL	27782779	1000	M27782779	0	1872	0	0	
3006	7130	AGV	ALL	30067130	-300	M30067130	0	2226	0	0	
2779	2780	AGV	ALL	27792780	1000	M27792780	0	1883	0	0	
3007	7120	AGV	ALL	30077120	-300	M30077120	0	2228	0	0	
2780	2781	AGV	ALL	27802781	1000	M27802781	0	1870	0	0	
2780	7313	AGV	ALL	27807313	700	M27807313	0	3770	0	0	
3008	7110	AGV	ALL	30087110	-300	M30087110	0	2227	0	0	
3009	7100	AGV	ALL	30097100	-300	M30097100	0	2227	0	0	
3000	3001	AGV	ALL	30003001	1000	M30003001	0	2241	0	0	
3001	3002	AGV	ALL	30013002	1000	M30013002	0	1973	0	0	
3002	3003	AGV	ALL	30023003	1000	M30023003	0	3972	0	0	
3003	3004	AGV	ALL	30033004	1000	M30033004	0	3973	0	0	
3004	3005	AGV	ALL	30043005	1000	M30043005	0	3972	0	0	
3005	3006	AGV	ALL	30053006	1000	M30053006	0	2835	0	0	
3006	3007	AGV	ALL	30063007	1000	M30063007	0	3038	0	0	
3010	7090	AGV	ALL	30107090	-300	M30107090	0	2228	0	0	
3007	3008	AGV	ALL	30073008	1000	M30073008	0	1882	0	0	
3011	7080	AGV	ALL	30117080	-300	M30117080	0	2158	0	0	
3008	3009	AGV	ALL	30083009	1000	M30083009	0	1880	0	0	
3013	7070	AGV	ALL	30137070	-300	M30137070	0	2158	0	0	
3009	3010	AGV	ALL	30093010	1000	M30093010	0	2339	0	0	
3014	7060	AGV	ALL	30147060	-300	M30147060	0	2158	0	0	
3010	3011	AGV	ALL	30103011	1000	M30103011	0	1874	0	0	
3015	7050	AGV	ALL	30157050	-300	M30157050	0	2159	0	0	
3011	3012	AGV	ALL	30113012	1000	M30113012	0	2503	0	0	
3016	7040	AGV	ALL	30167040	-300	M30167040	0	2160	0	0	
3012	3013	AGV	ALL	30123013	1000	M30123013	0	1983	0	0	
3013	3014	AGV	ALL	30133014	1000	M30133014	0	1867	0	0	
3017	7030	AGV	ALL	30177030	-300	M30177030	0	2159	0	0	
3014	3015	AGV	ALL	30143015	1000	M30143015	0	1874	0	0	
3018	7020	AGV	ALL	30187020	-300	M30187020	0	2159	0	0	
3015	3016	AGV	ALL	30153016	1000	M30153016	0	2330	0	0	
2038	2139	AGV	ALL	20382139	1000	M20382139	0	1817	5000	0	
3016	3017	AGV	ALL	30163017	1000	M30163017	0	1888	0	0	
3025	5450	AGV	ALL	30255450	-500	M30255450	0	5115	0	0	
3017	3018	AGV	ALL	30173018	1000	M30173018	0	1885	0	0	
2039	2140	AGV	ALL	20392140	1000	M20392140	0	1853	5000	0	
3018	3019	AGV	ALL	30183019	1000	M30183019	0	2664	0	0	
3027	5430	AGV	ALL	30275430	-500	M30275430	0	4955	0	0	
3019	3020	AGV	ALL	30193020	1000	M30193020	0	3795	0	0	
3027	5470	AGV	ALL	30275470	-500	M30275470	0	4808	0	0	
3020	3021	AGV	ALL	30203021	1000	M30203021	0	3416	0	0	
3021	3022	AGV	ALL	30213022	1000	M30213022	0	2216	0	0	
3022	3023	AGV	ALL	30223023	600	M30223023	0	5001	0	0	
3022	4508	AGV	ALL	30224508	600	M30224508	0	4024	0	0	
3023	3024	AGV	ALL	30233024	1000	M30233024	0	2364	0	0	
3024	3025	AGV	ALL	30243025	1000	M30243025	0	3841	0	0	
3025	3026	AGV	ALL	30253026	1000	M30253026	0	3589	0	0	
3029	5410	AGV	ALL	30295410	-500	M30295410	0	4785	0	0	
3029	5480	AGV	ALL	30295480	-500	M30295480	0	4643	0	0	
3026	3027	AGV	ALL	30263027	1000	M30263027	0	3349	0	0	
3027	3028	AGV	ALL	30273028	1000	M30273028	0	2727	0	0	
3035	5390	AGV	ALL	30355390	-500	M30355390	0	4015	0	0	
3035	5490	AGV	ALL	30355490	-500	M30355490	0	5132	0	0	
3028	3029	AGV	ALL	30283029	1000	M30283029	0	4197	0	0	
3029	3030	AGV	ALL	30293030	1000	M30293030	0	2783	0	0	
3037	5370	AGV	ALL	30375370	-500	M30375370	0	4008	0	0	
3037	5500	AGV	ALL	30375500	-500	M30375500	0	5268	0	0	
3030	3031	AGV	ALL	30303031	1000	M30303031	0	3158	0	0	
3031	3032	AGV	ALL	30313032	1000	M30313032	0	3405	0	0	
3031	4515	AGV	ALL	30314515	500	M30314515	0	2936	0	0	
3032	3033	AGV	ALL	30323033	1000	M30323033	0	5182	0	0	
3033	3034	AGV	ALL	30333034	1000	M30333034	0	1986	0	0	
3034	3035	AGV	ALL	30343035	1000	M30343035	0	3596	0	0	
3035	3036	AGV	ALL	30353036	1000	M30353036	0	3549	0	0	
3039	5350	AGV	ALL	30395350	-500	M30395350	0	4075	0	0	
3039	5510	AGV	ALL	30395510	-500	M30395510	0	5407	0	0	
3036	3037	AGV	ALL	30363037	1000	M30363037	0	3549	0	0	
3037	3038	AGV	ALL	30373038	1000	M30373038	0	3608	0	0	
5000	5001	AGV	ALL	50005001	-500	M50005001	0	1713	0	0	
7313	3543	AGV	ALL	73133543	700	M73133543	0	3146	0	0	
3038	3039	AGV	ALL	30383039	1000	M30383039	0	3607	0	0	
3039	3040	AGV	ALL	30393040	1000	M30393040	0	1479	0	0	
3044	5090	AGV	ALL	30445090	-500	M30445090	0	4770	0	0	
3044	5130	AGV	ALL	30445130	-500	M30445130	0	4670	0	0	
3040	3041	AGV	ALL	30403041	1000	M30403041	0	6190	0	0	
3040	4522	AGV	ALL	30404522	400	M30404522	0	3157	0	0	
3041	3042	AGV	ALL	30413042	1000	M30413042	0	6064	0	0	
3042	3043	AGV	ALL	30423043	1000	M30423043	0	3500	0	0	
3046	5070	AGV	ALL	30465070	-500	M30465070	0	4813	0	0	
3046	5140	AGV	ALL	30465140	-500	M30465140	0	4699	0	0	
3043	3044	AGV	ALL	30433044	1000	M30433044	0	3500	0	0	
3044	3045	AGV	ALL	30443045	1000	M30443045	0	3570	0	0	
3051	5050	AGV	ALL	30515050	-500	M30515050	0	4184	0	0	
3051	5150	AGV	ALL	30515150	-500	M30515150	0	5423	0	0	
3045	3046	AGV	ALL	30453046	1000	M30453046	0	3571	0	0	
3046	3047	AGV	ALL	30463047	1000	M30463047	0	5911	0	0	
3053	5030	AGV	ALL	30535030	-500	M30535030	0	4018	0	0	
3053	5160	AGV	ALL	30535160	-500	M30535160	0	5310	0	0	
3047	3048	AGV	ALL	30473048	1000	M30473048	0	3508	0	0	
3047	4530	AGV	ALL	30474530	400	M30474530	0	2988	0	0	
3048	3049	AGV	ALL	30483049	1000	M30483049	0	4085	0	0	
3049	3050	AGV	ALL	30493050	1000	M30493050	0	2984	0	0	
3050	3051	AGV	ALL	30503051	1000	M30503051	0	3810	0	0	
3051	3052	AGV	ALL	30513052	1000	M30513052	0	3309	0	0	
3055	5010	AGV	ALL	30555010	-500	M30555010	0	4023	0	0	
3055	5170	AGV	ALL	30555170	-500	M30555170	0	5391	0	0	
3052	3053	AGV	ALL	30523053	1000	M30523053	0	3559	0	0	
3053	3054	AGV	ALL	30533054	1000	M30533054	0	3537	0	0	
3257	5822	AGV	ALL	32575822	-20	M32575822	0	0	0	0	
3503	6660	AGV	ALL	35036660	-500	M35036660	0	3547	0	0	
3054	3055	AGV	ALL	30543055	1000	M30543055	0	3619	0	0	
3055	3056	AGV	ALL	30553056	1000	M30553056	0	1872	0	0	
3505	6680	AGV	ALL	35056680	-500	M35056680	0	3810	0	0	
3507	6700	AGV	ALL	35076700	-500	M35076700	0	3433	0	0	
3056	4540	AGV	ALL	30564540	600	M30564540	0	5375	0	0	
3500	3501	AGV	ALL	35003501	1000	M35003501	0	1471	0	0	
3501	3502	AGV	ALL	35013502	1000	M35013502	0	2914	0	0	
3502	3503	AGV	ALL	35023503	1000	M35023503	0	2415	0	0	
611	613	APL	ALL	6110613	50	M06110613	0	700	0	0	
3503	3504	AGV	ALL	35033504	1000	M35033504	0	3643	0	0	
2070	2536	AGV	ALL	20702536	600	M20702536	0	5695	0	0	
3504	3505	AGV	ALL	35043505	1000	M35043505	0	3729	0	0	
3505	3506	AGV	ALL	35053506	1000	M35053506	0	3468	0	0	
2071	2070	AGV	ALL	20712070	-500	M20712070	0	2000	0	0	
3506	3507	AGV	ALL	35063507	1000	M35063507	0	3223	0	0	
3507	3508	AGV	ALL	35073508	1000	M35073508	0	4110	0	0	
4046	2757	AGV	ALL	40462757	600	M40462757	0	3972	0	0	
3508	3509	AGV	ALL	35083509	1000	M35083509	0	1879	0	0	
2032	2071	AGV	ALL	20322071	600	M20322071	0	6041	0	0	
3509	3510	AGV	ALL	35093510	1000	M35093510	0	1659	0	0	
4047	3567	AGV	ALL	40473567	600	M40473567	0	4136	0	0	
3510	3511	AGV	ALL	35103511	1000	M35103511	0	2634	0	0	
4040	2060	AGV	ALL	40402060	600	M40402060	0	6410	0	0	
611	614	APL	ALL	6110614	-50	M06110614	0	1400	0	0	
3511	3512	AGV	ALL	35113512	1000	M35113512	0	1345	0	0	
3511	4004	AGV	ALL	35114004	600	M35114004	0	3440	0	0	
4049	4032	AGV	ALL	40494032	1000	M40494032	0	4000	0	0	
3512	3513	AGV	ALL	35123513	1000	M35123513	0	1700	0	0	
4050	4018	AGV	ALL	40504018	1000	M40504018	0	4100	0	0	
3513	3514	AGV	ALL	35133514	1000	M35133514	0	3580	0	0	
3516	6720	AGV	ALL	35166720	-500	M35166720	0	3214	0	0	
3514	3515	AGV	ALL	35143515	1000	M35143515	0	1880	0	0	
3516	7220	AGV	ALL	35167220	-500	M35167220	0	2921	0	0	
3515	3516	AGV	ALL	35153516	1000	M35153516	0	2043	0	0	
3517	7230	AGV	ALL	35177230	-500	M35177230	0	2266	0	0	
3516	3517	AGV	ALL	35163517	1000	M35163517	0	1214	0	0	
4521	3538	AGV	ALL	45213538	700	M45213538	0	5530	0	0	
3517	3518	AGV	ALL	35173518	1000	M35173518	0	2381	0	0	
4542	2060	AGV	ALL	45422060	700	M45422060	0	9574	0	0	
3518	3519	AGV	ALL	35183519	1000	M35183519	0	1623	0	0	
3520	6740	AGV	ALL	35206740	-500	M35206740	0	3267	0	0	
3519	3520	AGV	ALL	35193520	1000	M35193520	0	1959	0	0	
3521	7260	AGV	ALL	35217260	-500	M35217260	0	2269	0	0	
3520	3521	AGV	ALL	35203521	1000	M35203521	0	1023	0	0	
3521	3522	AGV	ALL	35213522	1000	M35213522	0	2401	0	0	
2533	2071	AGV	ALL	25332071	600	M25332071	0	5990	0	0	
3522	3523	AGV	ALL	35223523	1000	M35223523	0	1879	0	0	
7160	7162	AGV	ALL	71607162	15	M71607162	0	0	0	0	
3523	3524	AGV	ALL	35233524	1000	M35233524	0	1722	0	0	
3524	7290	AGV	ALL	35247290	-500	M35247290	0	2630	0	0	
3524	3525	AGV	ALL	35243525	1000	M35243525	0	1770	0	0	
7162	7160	AGV	ALL	71627160	-15	M71627160	0	0	0	0	
3525	3526	AGV	ALL	35253526	1000	M35253526	0	1722	0	0	
3529	6340	AGV	ALL	35296340	-500	M35296340	0	3760	0	0	
3526	3527	AGV	ALL	35263527	1000	M35263527	0	2255	0	0	
3526	4007	AGV	ALL	35264007	600	M35264007	0	3680	0	0	
2014	2080	AGV	ALL	20142080	600	M20142080	0	5424	0	0	
611	615	APL	ALL	6110615	50	M06110615	0	1400	0	0	
3528	3529	AGV	ALL	35283529	1000	M35283529	0	5033	0	0	
3529	3530	AGV	ALL	35293530	1000	M35293530	0	1773	0	0	
3532	6360	AGV	ALL	35326360	-500	M35326360	0	4104	0	0	
3530	3531	AGV	ALL	35303531	1000	M35303531	0	2610	0	0	
3531	3532	AGV	ALL	35313532	1000	M35313532	0	3224	0	0	
3532	3533	AGV	ALL	35323533	1000	M35323533	0	3283	0	0	
3534	6380	AGV	ALL	35346380	-500	M35346380	0	3828	0	0	
3533	3534	AGV	ALL	35333534	1000	M35333534	0	3421	0	0	
3534	3535	AGV	ALL	35343535	1000	M35343535	0	4099	0	0	
3540	6400	AGV	ALL	35406400	-500	M35406400	0	3810	0	0	
3535	3536	AGV	ALL	35353536	1000	M35353536	0	4218	0	0	
3536	3537	AGV	ALL	35363537	1000	M35363537	0	1148	0	0	
612	611	APL	ALL	6120611	50	M06120611	0	700	0	0	
3537	3538	AGV	ALL	35373538	1000	M35373538	0	2451	0	0	
3537	4014	AGV	ALL	35374014	600	M35374014	0	4833	0	0	
3538	3539	AGV	ALL	35383539	1000	M35383539	0	5068	0	0	
3539	3540	AGV	ALL	35393540	1000	M35393540	0	4162	0	0	
3540	3541	AGV	ALL	35403541	1000	M35403541	0	3570	0	0	
3542	6420	AGV	ALL	35426420	-500	M35426420	0	3814	0	0	
3541	3542	AGV	ALL	35413542	1000	M35413542	0	3549	0	0	
3542	3543	AGV	ALL	35423543	1000	M35423543	0	4454	0	0	
3545	6440	AGV	ALL	35456440	-500	M35456440	0	4768	0	0	
3543	3544	AGV	ALL	35433544	1000	M35433544	0	1993	0	0	
2080	2081	AGV	ALL	20802081	-500	M20802081	0	2500	0	0	
3544	3545	AGV	ALL	35443545	1000	M35443545	0	1870	0	0	
7482	7473	AGV	ALL	74827473	700	M74827473	0	4062	0	0	
3545	3546	AGV	ALL	35453546	1000	M35453546	0	1783	0	0	
3551	6000	AGV	ALL	35516000	-500	M35516000	0	3830	0	0	
5001	5000	AGV	ALL	50015000	1000	M50015000	0	1713	0	0	
3546	3547	AGV	ALL	35463547	1000	M35463547	0	2846	0	0	
3546	4021	AGV	ALL	35464021	700	M35464021	0	4509	0	0	
5110	3042	AGV	ALL	51103042	600	M51103042	0	4886	0	0	
3547	3548	AGV	ALL	35473548	1000	M35473548	0	1403	0	0	
5110	5111	AGV	ALL	51105111	-500	M51105111	0	1788	0	0	
3548	3549	AGV	ALL	35483549	1000	M35483549	0	1477	0	0	
7180	7182	AGV	ALL	71807182	15	M71807182	0	0	0	0	
3549	3550	AGV	ALL	35493550	1000	M35493550	0	1881	0	0	
3549	4529	AGV	ALL	35494529	600	M35494529	0	3339	0	0	
5111	5110	AGV	ALL	51115110	1000	M51115110	0	1788	0	0	
3550	3551	AGV	ALL	35503551	1000	M35503551	0	2036	0	0	
4021	9242	AGV	ALL	40219242	-500	M40219242	0	1565	0	0	
3551	3552	AGV	ALL	35513552	1000	M35513552	0	2614	0	0	
3555	6020	AGV	ALL	35556020	-500	M35556020	0	3882	0	0	
3552	3553	AGV	ALL	35523553	1000	M35523553	0	1880	0	0	
4524	9221	AGV	ALL	45249221	600	M45249221	0	5096	0	0	
3553	3554	AGV	ALL	35533554	1000	M35533554	0	1448	0	0	
9221	2020	AGV	ALL	92212020	600	M92212020	0	6111	0	0	
3554	3555	AGV	ALL	35543555	1000	M35543555	0	1288	0	0	
612	613	APL	ALL	6120613	50	M06120613	0	1400	0	0	
3555	3556	AGV	ALL	35553556	1000	M35553556	0	2906	0	0	
3558	6040	AGV	ALL	35586040	-500	M35586040	0	3600	0	0	
3556	3557	AGV	ALL	35563557	1000	M35563557	0	1885	0	0	
9242	9240	AGV	ALL	92429240	600	M92429240	0	3993	0	0	
3557	3558	AGV	ALL	35573558	1000	M35573558	0	1886	0	0	
2081	2016	AGV	ALL	20812016	600	M20812016	0	5804	0	0	
3558	3559	AGV	ALL	35583559	1000	M35583559	0	1873	0	0	
3567	6060	AGV	ALL	35676060	-500	M35676060	0	3735	0	0	
7203	4010	AGV	ALL	72034010	1000	M72034010	0	1200	0	0	
3559	3560	AGV	ALL	35593560	1000	M35593560	0	1785	0	0	
2081	2517	AGV	ALL	20812517	600	M20812517	0	5695	0	0	
3560	3561	AGV	ALL	35603561	1000	M35603561	0	3998	0	0	
2515	2080	AGV	ALL	25152080	600	M25152080	0	5265	0	0	
3561	3562	AGV	ALL	35613562	1000	M35613562	0	1727	0	0	
3562	3563	AGV	ALL	35623563	1000	M35623563	0	1410	0	0	
2044	2145	AGV	ALL	20442145	1000	M20442145	0	1500	5000	0	
3563	3564	AGV	ALL	35633564	1000	M35633564	0	2346	0	0	
3563	4028	AGV	ALL	35634028	400	M35634028	0	3147	0	0	
2045	2146	AGV	ALL	20452146	1000	M20452146	0	1937	5000	0	
3564	3565	AGV	ALL	35643565	1000	M35643565	0	1888	0	0	
7182	7180	AGV	ALL	71827180	-15	M71827180	0	0	0	0	
2046	2147	AGV	ALL	20462147	1000	M20462147	0	1906	5000	0	
3565	3566	AGV	ALL	35653566	1000	M35653566	0	2361	0	0	
2047	2148	AGV	ALL	20472148	1000	M20472148	0	1838	5000	0	
3566	3567	AGV	ALL	35663567	1000	M35663567	0	3998	0	0	
3566	4600	AGV	ALL	35664600	600	M35664600	0	3245	0	0	
3567	3568	AGV	ALL	35673568	1000	M35673568	0	2936	0	0	
2048	2149	AGV	ALL	20482149	1000	M20482149	0	1913	5000	0	
3568	3569	AGV	ALL	35683569	1000	M35683569	0	4140	0	0	
3569	3570	AGV	ALL	35693570	1000	M35693570	0	1562	0	0	
7200	7202	AGV	ALL	72007202	15	M72007202	0	0	0	0	
3570	3571	AGV	ALL	35703571	1000	M35703571	0	3052	0	0	AreaCheckDetour(9130,4039,"WasteRoom")
2050	2151	AGV	ALL	20502151	1000	M20502151	0	2453	5000	0	
3571	3572	AGV	ALL	35713572	1000	M35713572	0	2507	0	0	
3572	3573	AGV	ALL	35723573	1000	M35723573	0	2399	0	0	
2051	2152	AGV	ALL	20512152	1000	M20512152	0	1859	5000	0	
3572	4602	AGV	ALL	35724602	600	M35724602	0	3269	0	0	
7202	7200	AGV	ALL	72027200	-15	M72027200	0	0	0	0	
2139	2039	AGV	ALL	21392039	500	M21392039	0	2146	0	0	
612	614	APL	ALL	6120614	-50	M06120614	0	700	0	0	
7202	7212	AGV	ALL	72027212	500	M72027212	0	1890	0	0	
3751	3752	AGV	ALL	37513752	1000	M37513752	0	2899	50000	0	
3752	3753	AGV	ALL	37523753	1000	M37523753	0	2500	0	0	
3753	3754	AGV	ALL	37533754	1000	M37533754	0	2703	0	0	
2140	2040	AGV	ALL	21402040	500	M21402040	0	2085	0	0	
3754	3755	AGV	ALL	37543755	1000	M37543755	0	2696	0	0	
3755	3756	AGV	ALL	37553756	1000	M37553756	0	3117	0	0	
2141	2041	AGV	ALL	21412041	500	M21412041	0	2034	0	0	
3756	3757	AGV	ALL	37563757	1000	M37563757	0	1782	0	0	
3757	4035	AGV	ALL	37574035	600	M37574035	0	2959	5000	0	
7210	7212	AGV	ALL	72107212	15	M72107212	0	0	0	0	
4001	4002	AGV	ALL	40014002	1000	M40014002	0	1943	0	0	
4002	4003	AGV	ALL	40024003	600	M40024003	0	3672	0	0	
4003	3000	AGV	ALL	40033000	600	M40033000	0	3938	0	0	
4004	4005	AGV	ALL	40044005	1000	M40044005	0	2200	0	0	
4005	4006	AGV	ALL	40054006	600	M40054006	0	2399	30000	0	
7212	7210	AGV	ALL	72127210	-15	M72127210	0	0	0	0	
4007	4008	AGV	ALL	40074008	1000	M40074008	0	2313	0	0	
4008	4009	AGV	ALL	40084009	1000	M40084009	0	2114	0	0	
4009	2537	AGV	ALL	40092537	600	M40092537	0	3784	0	0	
2142	2042	AGV	ALL	21422042	500	M21422042	0	1984	0	0	
2145	2045	AGV	ALL	21452045	500	M21452045	0	1963	0	0	
4010	4011	AGV	ALL	40104011	1000	M40104011	0	3714	0	0	
4011	4012	AGV	ALL	40114012	1000	M40114012	0	2900	0	0	
4012	4013	AGV	ALL	40124013	1000	M40124013	0	2564	0	0	
4013	3023	AGV	ALL	40133023	600	M40133023	0	3825	0	0	
4014	4015	AGV	ALL	40144015	1000	M40144015	0	2078	0	0	
4015	4016	AGV	ALL	40154016	1000	M40154016	0	2505	0	0	
4016	2527	AGV	ALL	40162527	500	M40162527	0	3167	0	0	
4016	4017	AGV	ALL	40164017	1000	M40164017	0	2916	0	0	
7212	7242	AGV	ALL	72127242	1000	M72127242	0	5644	0	0	
7240	7242	AGV	ALL	72407242	15	M72407242	0	0	0	0	
4018	4019	AGV	ALL	40184019	1000	M40184019	0	2099	0	0	
4019	4020	AGV	ALL	40194020	1000	M40194020	0	900	0	0	
4020	3033	AGV	ALL	40203033	600	M40203033	0	5869	0	0	
4021	4022	AGV	ALL	40214022	1000	M40214022	0	1678	0	0	
612	615	APL	ALL	6120615	50	M06120615	0	2100	0	0	
4022	4023	AGV	ALL	40224023	1000	M40224023	0	2921	0	0	
4023	4024	AGV	ALL	40234024	600	M40234024	0	4717	0	0	
4024	4025	AGV	ALL	40244025	600	M40244025	0	4319	0	0	
4025	4026	AGV	ALL	40254026	1000	M40254026	0	2599	0	0	
613	611	APL	ALL	6130611	-50	M06130611	0	700	0	0	
4026	4027	AGV	ALL	40264027	1000	M40264027	0	3268	0	0	
4027	3041	AGV	ALL	40273041	600	M40273041	0	3701	0	0	
4028	4029	AGV	ALL	40284029	1000	M40284029	0	2578	0	0	
4029	4030	AGV	ALL	40294030	1000	M40294030	0	3151	0	0	
4030	2509	AGV	ALL	40302509	400	M40302509	0	3014	0	0	
4030	4031	AGV	ALL	40304031	1000	M40304031	0	1971	0	0	
4031	2009	AGV	ALL	40312009	600	M40312009	0	6688	0	0	
7242	7240	AGV	ALL	72427240	-15	M72427240	0	0	0	0	
4032	4033	AGV	ALL	40324033	1000	M40324033	0	2200	0	0	
4033	4034	AGV	ALL	40334034	1000	M40334034	0	1551	0	0	
4034	3049	AGV	ALL	40343049	600	M40343049	0	4540	0	0	
4035	2750	AGV	ALL	40352750	600	M40352750	0	2924	0	0	
4035	4036	AGV	ALL	40354036	1000	M40354036	0	1653	0	0	
4036	4037	AGV	ALL	40364037	1000	M40364037	0	1145	0	0	
4037	4038	AGV	ALL	40374038	1000	M40374038	0	4917	0	0	
2146	2046	AGV	ALL	21462046	500	M21462046	0	1993	0	0	
4038	4039	AGV	ALL	40384039	1000	M40384039	0	4445	0	0	
4039	4040	AGV	ALL	40394040	1000	M40394040	0	1654	0	0	
4040	4041	AGV	ALL	40404041	1000	M40404041	0	1750	0	0	
2147	2047	AGV	ALL	21472047	500	M21472047	0	2062	0	0	
2148	2048	AGV	ALL	21482048	500	M21482048	0	2086	0	0	
2149	2049	AGV	ALL	21492049	500	M21492049	0	2062	0	0	
7270	7272	AGV	ALL	72707272	15	M72707272	0	0	0	0	
4046	4047	AGV	ALL	40464047	1000	M40464047	0	3390	0	0	
7272	7270	AGV	ALL	72727270	-15	M72727270	0	0	0	0	
7272	7282	AGV	ALL	72727282	500	M72727282	0	1882	0	0	
613	612	APL	ALL	6130612	-50	M06130612	0	1400	0	0	
613	614	APL	ALL	6130614	-50	M06130614	0	2100	0	0	
4101	2752	AGV	ALL	41012752	600	M41012752	0	3143	0	0	
613	615	APL	ALL	6130615	50	M06130615	0	700	0	0	
4101	4102	AGV	ALL	41014102	1000	M41014102	0	3496	0	0	
4102	3572	AGV	ALL	41023572	600	M41023572	0	3417	0	0	
2151	2051	AGV	ALL	21512051	500	M21512051	0	2039	0	0	
614	611	APL	ALL	6140611	50	M06140611	0	1400	0	0	
614	612	APL	ALL	6140612	50	M06140612	0	700	0	0	
4201	2754	AGV	ALL	42012754	600	M42012754	0	3289	0	0	
614	613	APL	ALL	6140613	50	M06140613	0	2100	0	0	
4201	4202	AGV	ALL	42014202	1000	M42014202	0	3496	0	0	
4202	3570	AGV	ALL	42023570	600	M42023570	0	3507	0	0	
4506	4507	AGV	ALL	45064507	1000	M45064507	0	2676	0	0	
4500	4501	AGV	ALL	45004501	1000	M45004501	0	4247	0	0	
4501	4502	AGV	ALL	45014502	1000	M45014502	0	1257	0	0	
4502	4503	AGV	ALL	45024503	1000	M45024503	0	1819	0	0	
4503	3500	AGV	ALL	45033500	600	M45033500	0	4770	0	0	
4504	4505	AGV	ALL	45044505	1000	M45044505	0	4194	0	0	
4505	4506	AGV	ALL	45054506	1000	M45054506	0	1607	0	0	
4507	3511	AGV	ALL	45073511	600	M45073511	0	3407	0	0	
4508	4509	AGV	ALL	45084509	1000	M45084509	0	2564	0	0	
4509	4510	AGV	ALL	45094510	1000	M45094510	0	2900	0	0	
4510	2037	AGV	ALL	45102037	600	M45102037	0	3723	30000	0	
4510	4511	AGV	ALL	45104511	1000	M45104511	0	3914	0	0	
4511	2537	AGV	ALL	45112537	600	M45112537	0	3883	0	0	
4511	4512	AGV	ALL	45114512	1000	M45114512	0	4364	0	0	
4512	4513	AGV	ALL	45124513	1000	M45124513	0	2450	0	0	
4513	4514	AGV	ALL	45134514	1000	M45134514	0	2313	0	0	
4514	3528	AGV	ALL	45143528	600	M45143528	0	4183	0	0	
4515	4516	AGV	ALL	45154516	1000	M45154516	0	2800	0	0	
4516	4517	AGV	ALL	45164517	1000	M45164517	0	2899	0	0	
4517	2027	AGV	ALL	45172027	500	M45172027	0	3386	0	0	
4517	4518	AGV	ALL	45174518	1000	M45174518	0	4211	0	0	
4518	2528	AGV	ALL	45182528	600	M45182528	0	3368	0	0	
4518	4519	AGV	ALL	45184519	1000	M45184519	0	4104	0	0	
4519	4520	AGV	ALL	45194520	1000	M45194520	0	1952	0	0	
4520	4521	AGV	ALL	45204521	1000	M45204521	0	2131	0	0	
7554	7542	AGV	ALL	75547542	1000	M75547542	0	1657	0	0	
4522	4523	AGV	ALL	45224523	1000	M45224523	0	2854	0	0	
614	615	APL	ALL	6140615	50	M06140615	0	2800	0	0	
4523	4524	AGV	ALL	45234524	1000	M45234524	0	3171	0	0	
4524	2019	AGV	ALL	45242019	500	M45242019	0	3347	0	0	
4524	4525	AGV	ALL	45244525	1000	M45244525	0	3750	0	0	
4525	2519	AGV	ALL	45252519	600	M45252519	0	3895	0	0	
4525	4526	AGV	ALL	45254526	1000	M45254526	0	4626	0	0	
4526	4527	AGV	ALL	45264527	1000	M45264527	0	2373	0	0	
615	611	APL	ALL	6150611	-50	M06150611	0	1400	0	0	
4527	4528	AGV	ALL	45274528	1000	M45274528	0	2799	0	0	
4528	3547	AGV	ALL	45283547	600	M45283547	0	3537	0	0	
615	612	APL	ALL	6150612	-50	M06150612	0	2100	0	0	
4530	4531	AGV	ALL	45304531	800	M45304531	0	2708	0	0	
4531	4532	AGV	ALL	45314532	800	M45314532	0	3000	0	0	
4532	2010	AGV	ALL	45322010	400	M45322010	0	3246	0	0	
4532	4533	AGV	ALL	45324533	1000	M45324533	0	4099	0	0	
4533	2510	AGV	ALL	45332510	600	M45332510	0	3354	0	0	
4533	4534	AGV	ALL	45334534	1000	M45334534	0	4116	0	0	
4534	4535	AGV	ALL	45344535	1000	M45344535	0	3005	0	0	
4535	4536	AGV	ALL	45354536	1000	M45354536	0	2578	0	0	
4536	3563	AGV	ALL	45363563	400	M45363563	0	3026	0	0	
7563	7554	AGV	ALL	75637554	1000	M75637554	0	1726	0	0	
2057	2038	AGV	ALL	20572038	600	M20572038	0	2912	0	0	
3565	2757	AGV	ALL	35652757	700	M35652757	0	9865	0	0	
4540	4541	AGV	ALL	45404541	1000	M45404541	0	1375	0	0	
4541	4542	AGV	ALL	45414542	1000	M45414542	0	2119	0	0	
4542	2000	AGV	ALL	45422000	600	M45422000	0	5472	0	0	
4542	4543	AGV	ALL	45424543	1000	M45424543	0	4382	0	0	
4543	4544	AGV	ALL	45434544	1000	M45434544	0	6153	0	0	
4544	4545	AGV	ALL	45444545	1000	M45444545	0	2346	0	0	
4545	4546	AGV	ALL	45454546	1000	M45454546	0	954	0	0	
4546	7585	AGV	ALL	45467585	600	M45467585	0	4374	0	0	
4600	3566	AGV	ALL	46003566	-500	M46003566	0	3245	0	0	
4600	4601	AGV	ALL	46004601	1000	M46004601	0	1600	0	0	
4601	3751	AGV	ALL	46013751	600	M46013751	0	4440	0	0	
4602	2751	AGV	ALL	46022751	600	M46022751	0	3212	0	0	
7203	2057	AGV	ALL	72032057	500	M72032057	0	3920	30000	0	
2152	2052	AGV	ALL	21522052	500	M21522052	0	2080	0	0	
2517	6122	AGV	ALL	25176122	-500	M25176122	0	3869	0	0	
6790	2551	AGV	ALL	67902551	500	M67902551	0	5026	0	0	
6800	2549	AGV	ALL	68002549	500	M68002549	0	5578	0	0	
5010	5011	AGV	ALL	50105011	-500	M50105011	0	1779	0	0	
6810	2543	AGV	ALL	68102543	500	M68102543	0	5071	0	0	
5011	5010	AGV	ALL	50115010	1000	M50115010	0	1779	0	0	
6820	2541	AGV	ALL	68202541	700	M68202541	0	4207	0	0	
6830	2539	AGV	ALL	68302539	700	M68302539	0	4191	0	0	
5020	5021	AGV	ALL	50205021	-500	M50205021	0	1761	0	0	
3756	4036	AGV	ALL	37564036	700	M37564036	0	5882	0	0	
5021	5020	AGV	ALL	50215020	1000	M50215020	0	1761	0	0	
7020	3018	AGV	ALL	70203018	700	M70203018	0	2159	0	0	
7030	3017	AGV	ALL	70303017	700	M70303017	0	2159	0	0	
5030	5031	AGV	ALL	50305031	-500	M50305031	0	1779	0	0	
7040	3016	AGV	ALL	70403016	700	M70403016	0	2160	0	0	
5031	5030	AGV	ALL	50315030	1000	M50315030	0	1779	0	0	
7050	3015	AGV	ALL	70503015	700	M70503015	0	2159	0	0	
7060	3014	AGV	ALL	70603014	700	M70603014	0	2158	0	0	
5040	5041	AGV	ALL	50405041	-500	M50405041	0	1765	0	0	
7070	3013	AGV	ALL	70703013	700	M70703013	0	2158	0	0	
5041	5040	AGV	ALL	50415040	1000	M50415040	0	1765	0	0	
7080	3011	AGV	ALL	70803011	700	M70803011	0	2158	0	0	
7090	3010	AGV	ALL	70903010	700	M70903010	0	2228	0	0	
5050	5051	AGV	ALL	50505051	-500	M50505051	0	1788	0	0	
7100	3009	AGV	ALL	71003009	700	M71003009	0	2227	0	0	
5051	5050	AGV	ALL	50515050	1000	M50515050	0	1788	0	0	
7110	3008	AGV	ALL	71103008	700	M71103008	0	2227	0	0	
7120	3007	AGV	ALL	71203007	700	M71203007	0	2228	0	0	
5060	5061	AGV	ALL	50605061	-500	M50605061	0	1765	0	0	
7130	3006	AGV	ALL	71303006	700	M71303006	0	2226	0	0	
5061	5060	AGV	ALL	50615060	1000	M50615060	0	1765	0	0	
3042	5122	AGV	ALL	30425122	-500	M30425122	0	4113	0	0	
5120	5122	AGV	ALL	51205122	-20	M51205122	0	0	0	0	
5070	5071	AGV	ALL	50705071	-500	M50705071	0	1779	0	0	
4037	7585	AGV	ALL	40377585	500	M40377585	0	5755	0	0	
5071	5070	AGV	ALL	50715070	1000	M50715070	0	1779	0	0	
5122	3042	AGV	ALL	51223042	600	M51223042	0	4113	0	0	
4047	4052	AGV	ALL	40474052	600	M40474052	0	3654	0	0	
5080	5081	AGV	ALL	50805081	-500	M50805081	0	1756	0	0	
5122	5120	AGV	ALL	51225120	20	M51225120	0	0	0	0	
5081	5080	AGV	ALL	50815080	1000	M50815080	0	1756	0	0	
4051	4028	AGV	ALL	40514028	600	M40514028	0	3591	0	0	
4052	4051	AGV	ALL	40524051	1000	M40524051	0	2487	0	0	
5090	5091	AGV	ALL	50905091	-500	M50905091	0	1778	0	0	
7220	3516	AGV	ALL	72203516	500	M72203516	0	2921	0	0	
5091	5090	AGV	ALL	50915090	1000	M50915090	0	1778	0	0	
7230	3517	AGV	ALL	72303517	700	M72303517	0	2266	0	0	
7550	7552	AGV	ALL	75507552	20	M75507552	0	0	0	0	
5100	5101	AGV	ALL	51005101	-500	M51005101	0	1760	0	0	
6120	6122	AGV	ALL	61206122	-20	M61206122	0	0	0	0	
5101	5100	AGV	ALL	51015100	1000	M51015100	0	1760	0	0	
7260	3521	AGV	ALL	72603521	700	M72603521	0	2269	0	0	
7552	7543	AGV	ALL	75527543	600	M75527543	0	4073	0	0	
6122	2517	AGV	ALL	61222517	500	M61222517	0	3869	0	0	
7563	7543	AGV	ALL	75637543	500	M75637543	0	5856	0	0	
6122	6120	AGV	ALL	61226120	20	M61226120	0	0	0	0	
7290	3524	AGV	ALL	72903524	700	M72903524	0	2630	0	0	
7162	7172	AGV	ALL	71627172	500	M71627172	0	1863	0	0	
5120	5121	AGV	ALL	51205121	-500	M51205121	0	1750	0	0	
7310	7313	AGV	ALL	73107313	1000	M73107313	0	2900	0	0	
5121	5120	AGV	ALL	51215120	1000	M51215120	0	1750	0	0	
7313	7310	AGV	ALL	73137310	-500	M73137310	0	2900	0	0	
7320	2781	AGV	ALL	73202781	700	M73202781	0	1995	0	0	
5130	5131	AGV	ALL	51305131	-500	M51305131	0	1599	0	0	
7482	2766	AGV	ALL	74822766	700	M74822766	0	5123	0	0	
5131	5130	AGV	ALL	51315130	1000	M51315130	0	1599	0	0	
7320	7323	AGV	ALL	73207323	1000	M73207323	0	2600	0	0	
2040	2141	AGV	ALL	20402141	1000	M20402141	0	1914	5000	0	
5140	5141	AGV	ALL	51405141	-500	M51405141	0	1599	0	0	
7330	2780	AGV	ALL	73302780	700	M73302780	0	1994	0	0	
5141	5140	AGV	ALL	51415140	1000	M51415140	0	1599	0	0	
7330	7333	AGV	ALL	73307333	1000	M73307333	0	2600	0	0	
5150	5151	AGV	ALL	51505151	-500	M51505151	0	1600	0	0	
7340	2779	AGV	ALL	73402779	700	M73402779	0	1994	0	0	
5151	5150	AGV	ALL	51515150	1000	M51515150	0	1600	0	0	
7340	7343	AGV	ALL	73407343	1000	M73407343	0	2900	0	0	
5160	5161	AGV	ALL	51605161	-500	M51605161	0	1649	0	0	
7350	2778	AGV	ALL	73502778	700	M73502778	0	1994	0	0	
5161	5160	AGV	ALL	51615160	1000	M51615160	0	1649	0	0	
7350	7353	AGV	ALL	73507353	1000	M73507353	0	2600	0	0	
5170	5171	AGV	ALL	51705171	-500	M51705171	0	1599	0	0	
3526	3528	AGV	ALL	35263528	600	M35263528	0	4282	0	0	
5171	5170	AGV	ALL	51715170	1000	M51715170	0	1599	0	0	
7280	7282	AGV	ALL	72807282	15	M72807282	0	0	0	0	
7282	3524	AGV	ALL	72823524	700	M72823524	0	3831	0	0	
5340	5341	AGV	ALL	53405341	-500	M53405341	0	1786	0	0	
7282	7280	AGV	ALL	72827280	-15	M72827280	0	0	0	0	
5341	5340	AGV	ALL	53415340	1000	M53415340	0	1786	0	0	
7370	7373	AGV	ALL	73707373	1000	M73707373	0	2480	0	0	
5350	5351	AGV	ALL	53505351	-500	M53505351	0	1773	0	0	
7380	2775	AGV	ALL	73802775	700	M73802775	0	1998	0	0	
5351	5350	AGV	ALL	53515350	1000	M53515350	0	1773	0	0	
7380	7383	AGV	ALL	73807383	1000	M73807383	0	2600	0	0	
5360	5361	AGV	ALL	53605361	-500	M53605361	0	1786	0	0	
7390	2773	AGV	ALL	73902773	700	M73902773	0	1993	0	0	
5361	5360	AGV	ALL	53615360	1000	M53615360	0	1786	0	0	
7390	7393	AGV	ALL	73907393	1000	M73907393	0	2600	0	0	
5370	5371	AGV	ALL	53705371	-500	M53705371	0	1773	0	0	
7400	2772	AGV	ALL	74002772	700	M74002772	0	1994	0	0	
5371	5370	AGV	ALL	53715370	1000	M53715370	0	1773	0	0	
7400	7403	AGV	ALL	74007403	1000	M74007403	0	2600	0	0	
5380	5381	AGV	ALL	53805381	-500	M53805381	0	1789	0	0	
7410	2771	AGV	ALL	74102771	700	M74102771	0	1994	0	0	
5381	5380	AGV	ALL	53815380	1000	M53815380	0	1789	0	0	
7331	7330	AGV	ALL	73317330	1000	M73317330	0	7900	0	0	
7360	7362	AGV	ALL	73607362	-15	M73607362	0	0	0	0	
5390	5391	AGV	ALL	53905391	-500	M53905391	0	1773	0	0	
7430	7433	AGV	ALL	74307433	1000	M74307433	0	2480	0	0	
5391	5390	AGV	ALL	53915390	1000	M53915390	0	1773	0	0	
7440	2768	AGV	ALL	74402768	700	M74402768	0	1999	0	0	
5400	5401	AGV	ALL	54005401	-500	M54005401	0	1786	0	0	
7440	7443	AGV	ALL	74407443	1000	M74407443	0	2600	0	0	
5401	5400	AGV	ALL	54015400	1000	M54015400	0	1786	0	0	
7450	2767	AGV	ALL	74502767	700	M74502767	0	2001	0	0	
5410	5411	AGV	ALL	54105411	-500	M54105411	0	1783	0	0	
7450	7453	AGV	ALL	74507453	1000	M74507453	0	2600	0	0	
5411	5410	AGV	ALL	54115410	1000	M54115410	0	1783	0	0	
7460	2766	AGV	ALL	74602766	700	M74602766	0	1993	0	0	
5420	5421	AGV	ALL	54205421	-500	M54205421	0	1786	0	0	
7460	7463	AGV	ALL	74607463	1000	M74607463	0	2600	0	0	
5421	5420	AGV	ALL	54215420	1000	M54215420	0	1786	0	0	
7470	2765	AGV	ALL	74702765	700	M74702765	0	1995	0	0	
615	613	APL	ALL	6150613	-50	M06150613	0	700	0	0	
7470	7473	AGV	ALL	74707473	1000	M74707473	0	2900	0	0	
615	614	APL	ALL	6150614	-50	M06150614	0	2800	0	0	
5440	5441	AGV	ALL	54405441	-500	M54405441	0	1786	0	0	
7362	7360	AGV	ALL	73627360	15	M73627360	0	0	0	0	
5441	5440	AGV	ALL	54415440	1000	M54415440	0	1786	0	0	
7500	2762	AGV	ALL	75002762	700	M75002762	0	1994	0	0	
7500	7503	AGV	ALL	75007503	1000	M75007503	0	2600	0	0	
5450	5451	AGV	ALL	54505451	-500	M54505451	0	1773	0	0	
5451	5450	AGV	ALL	54515450	1000	M54515450	0	1773	0	0	
7510	2761	AGV	ALL	75102761	700	M75102761	0	1993	0	0	
7510	7513	AGV	ALL	75107513	1000	M75107513	0	2600	0	0	
5460	5461	AGV	ALL	54605461	-500	M54605461	0	1900	0	0	
5461	5460	AGV	ALL	54615460	1000	M54615460	0	1900	0	0	
5470	5471	AGV	ALL	54705471	-500	M54705471	0	1600	0	0	
7520	2760	AGV	ALL	75202760	700	M75202760	0	1993	0	0	
5471	5470	AGV	ALL	54715470	1000	M54715470	0	1600	0	0	
7520	7523	AGV	ALL	75207523	1000	M75207523	0	2600	0	0	
5480	5481	AGV	ALL	54805481	-500	M54805481	0	1651	0	0	
7530	2759	AGV	ALL	75302759	700	M75302759	0	1994	0	0	
5481	5480	AGV	ALL	54815480	1000	M54815480	0	1651	0	0	
7530	7533	AGV	ALL	75307533	1000	M75307533	0	2600	0	0	
5490	5491	AGV	ALL	54905491	-500	M54905491	0	1600	0	0	
9220	9221	AGV	ALL	92209221	-500	M92209221	0	2099	0	0	
5491	5490	AGV	ALL	54915490	1000	M54915490	0	1600	0	0	
7370	7372	AGV	ALL	73707372	-20	M73707372	0	0	0	0	
7372	7362	AGV	ALL	73727362	500	M73727362	0	1875	0	0	
5500	5501	AGV	ALL	55005501	-500	M55005501	0	1599	0	0	
7372	7370	AGV	ALL	73727370	20	M73727370	0	0	0	0	
5501	5500	AGV	ALL	55015500	1000	M55015500	0	1599	0	0	
7420	7422	AGV	ALL	74207422	-20	M74207422	0	0	0	0	
5510	5511	AGV	ALL	55105511	-500	M55105511	0	1599	0	0	
7422	7420	AGV	ALL	74227420	20	M74227420	0	0	0	0	
5511	5510	AGV	ALL	55115510	1000	M55115510	0	1599	0	0	
7430	7432	AGV	ALL	74307432	-20	M74307432	0	0	0	0	
7432	7422	AGV	ALL	74327422	500	M74327422	0	1859	0	0	
6000	6001	AGV	ALL	60006001	-500	M60006001	0	1778	0	0	
7432	7430	AGV	ALL	74327430	20	M74327430	0	0	0	0	
6001	6000	AGV	ALL	60016000	1000	M60016000	0	1778	0	0	
7480	7482	AGV	ALL	74807482	-20	M74807482	0	0	0	0	
6010	6011	AGV	ALL	60106011	-500	M60106011	0	1811	0	0	
7482	7480	AGV	ALL	74827480	20	M74827480	0	0	0	0	
6011	6010	AGV	ALL	60116010	1000	M60116010	0	1811	0	0	
3572	4038	AGV	ALL	35724038	700	M35724038	0	5404	0	0	
7490	7492	AGV	ALL	74907492	-20	M74907492	0	0	0	0	
6020	6021	AGV	ALL	60206021	-500	M60206021	0	1798	0	0	
7492	7482	AGV	ALL	74927482	500	M74927482	0	1885	0	0	
6021	6020	AGV	ALL	60216020	1000	M60216020	0	1798	0	0	
7492	7490	AGV	ALL	74927490	20	M74927490	0	0	0	0	
7542	7540	AGV	ALL	75427540	-20	M75427540	0	0	0	0	
6030	6031	AGV	ALL	60306031	-500	M60306031	0	1811	0	0	
2781	2780	AGV	ALL	27812780	-500	M27812780	0	1870	0	0	
6031	6030	AGV	ALL	60316030	1000	M60316030	0	1811	0	0	
3042	5110	AGV	ALL	30425110	-500	M30425110	0	4886	0	0	
7554	7550	AGV	ALL	75547550	-20	M75547550	0	0	0	0	
6040	6041	AGV	ALL	60406041	-500	M60406041	0	1798	0	0	
3019	7010	AGV	ALL	30197010	-300	M30197010	0	2158	0	0	
6041	6040	AGV	ALL	60416040	1000	M60416040	0	1798	0	0	
7573	7582	AGV	ALL	75737582	-500	M75737582	0	1750	0	0	
7580	7582	AGV	ALL	75807582	20	M75807582	0	0	0	0	
6050	6051	AGV	ALL	60506051	-500	M60506051	0	1829	0	0	
7582	7573	AGV	ALL	75827573	1000	M75827573	0	1750	0	0	
6051	6050	AGV	ALL	60516050	1000	M60516050	0	1829	0	0	
7582	7580	AGV	ALL	75827580	-20	M75827580	0	0	0	0	
7585	7573	AGV	ALL	75857573	600	M75857573	0	4521	0	0	
6060	6061	AGV	ALL	60606061	-500	M60606061	0	1778	0	0	
9014	9015	AGV	ALL	90149015	600	M90149015	0	3799	0	0	
6061	6060	AGV	ALL	60616060	1000	M60616060	0	1778	0	0	
9015	3751	AGV	ALL	90153751	600	M90153751	0	4233	0	0	
9130	3573	AGV	ALL	91303573	600	M91303573	0	2236	0	0	
6070	6071	AGV	ALL	60706071	-500	M60706071	0	1821	0	0	
9200	9201	AGV	ALL	92009201	-600	M92009201	0	1379	0	0	
6071	6070	AGV	ALL	60716070	500	M60716070	0	1821	0	0	
9201	4027	AGV	ALL	92014027	600	M92014027	0	4956	0	0	
9210	9211	AGV	ALL	92109211	-500	M92109211	0	1000	0	0	
6080	6081	AGV	ALL	60806081	-500	M60806081	0	1778	0	0	
9211	4524	AGV	ALL	92114524	600	M92114524	0	4654	0	0	
6081	6080	AGV	ALL	60816080	1000	M60816080	0	1778	0	0	
9230	9231	AGV	ALL	92309231	-500	M92309231	0	1139	0	0	
9231	4528	AGV	ALL	92314528	600	M92314528	0	4641	0	0	
6090	6091	AGV	ALL	60906091	-500	M60906091	0	1821	0	0	
9240	9241	AGV	ALL	92409241	-500	M92409241	0	1319	0	0	
6091	6090	AGV	ALL	60916090	1000	M60916090	0	1821	0	0	
9241	4023	AGV	ALL	92414023	600	M92414023	0	4916	0	0	
9310	9312	AGV	ALL	93109312	500	M93109312	0	2486	0	0	
6100	6101	AGV	ALL	61006101	-500	M61006101	0	1778	0	0	
9311	9313	AGV	ALL	93119313	-500	M93119313	0	4833	0	0	
6101	6100	AGV	ALL	61016100	1000	M61016100	0	1778	0	0	
9312	2548	AGV	ALL	93122548	700	M93122548	0	6715	0	0	
9313	3508	AGV	ALL	93133508	1000	M93133508	0	1976	0	0	
6110	6111	AGV	ALL	61106111	-500	M61106111	0	1811	0	0	
9313	9311	AGV	ALL	93139311	600	M93139311	0	4833	0	0	
6111	6110	AGV	ALL	61116110	1000	M61116110	0	1811	0	0	
9320	9321	AGV	ALL	93209321	-500	M93209321	0	2231	0	0	
9321	4013	AGV	ALL	93214013	600	M93214013	0	6319	0	0	
6120	6121	AGV	ALL	61206121	-500	M61206121	0	1750	0	0	
9321	9320	AGV	ALL	93219320	500	M93219320	0	2231	0	0	
6121	6120	AGV	ALL	61216120	1000	M61216120	0	1750	0	0	
9500	2750	AGV	ALL	95002750	500	M95002750	0	5391	0	0	
7172	7182	AGV	ALL	71727182	500	M71727182	0	1876	0	0	
6130	6131	AGV	ALL	61306131	-500	M61306131	0	1599	0	0	
7010	3019	AGV	ALL	70103019	700	M70103019	0	2158	0	0	
6131	6130	AGV	ALL	61316130	1000	M61316130	0	1599	0	0	
6140	6141	AGV	ALL	61406141	-500	M61406141	0	1799	0	0	
6141	6140	AGV	ALL	61416140	1000	M61416140	0	1799	0	0	
6150	6151	AGV	ALL	61506151	-500	M61506151	0	1600	0	0	
6151	6150	AGV	ALL	61516150	1000	M61516150	0	1600	0	0	
6160	6161	AGV	ALL	61606161	-500	M61606161	0	1800	0	0	
6161	6160	AGV	ALL	61616160	1000	M61616160	0	1800	0	0	
6170	6171	AGV	ALL	61706171	-500	M61706171	0	1600	0	0	
6171	6170	AGV	ALL	61716170	1000	M61716170	0	1600	0	0	
621	622	APL	ALL	6210622	-50	M06210622	0	700	0	0	
621	623	APL	ALL	6210623	50	M06210623	0	699	0	0	
6340	6341	AGV	ALL	63406341	-500	M63406341	0	1788	0	0	
6341	6340	AGV	ALL	63416340	1000	M63416340	0	1788	0	0	
6350	6351	AGV	ALL	63506351	-500	M63506351	0	1131	0	0	
6351	6350	AGV	ALL	63516350	1000	M63516350	0	1131	0	0	
6360	6361	AGV	ALL	63606361	-500	M63606361	0	1788	0	0	
6361	6360	AGV	ALL	63616360	1000	M63616360	0	1788	0	0	
6370	6371	AGV	ALL	63706371	-500	M63706371	0	1810	0	0	
6371	6370	AGV	ALL	63716370	1000	M63716370	0	1810	0	0	
6380	6381	AGV	ALL	63806381	-500	M63806381	0	1788	0	0	
6381	6380	AGV	ALL	63816380	1000	M63816380	0	1788	0	0	
6390	6391	AGV	ALL	63906391	-500	M63906391	0	1810	0	0	
6391	6390	AGV	ALL	63916390	1000	M63916390	0	1810	0	0	
2505	6162	AGV	ALL	25056162	-500	M25056162	0	4300	0	0	
5000	2003	AGV	ALL	50002003	600	M50002003	0	4076	0	0	
4009	7203	AGV	ALL	40097203	1000	M40097203	0	3700	0	0	
3506	7142	AGV	ALL	35067142	700	M35067142	0	5592	0	0	
7140	7142	AGV	ALL	71407142	15	M71407142	0	0	0	0	
7142	7140	AGV	ALL	71427140	-15	M71427140	0	0	0	0	
7142	7152	AGV	ALL	71427152	500	M71427152	0	1876	0	0	
6420	6421	AGV	ALL	64206421	-500	M64206421	0	1788	0	0	
7150	7152	AGV	ALL	71507152	15	M71507152	0	0	0	0	
6421	6420	AGV	ALL	64216420	1000	M64216420	0	1788	0	0	
7152	7150	AGV	ALL	71527150	-15	M71527150	0	0	0	0	
7152	7162	AGV	ALL	71527162	500	M71527162	0	1893	0	0	
6430	6431	AGV	ALL	64306431	-500	M64306431	0	1809	0	0	
7170	7172	AGV	ALL	71707172	15	M71707172	0	0	0	0	
6431	6430	AGV	ALL	64316430	1000	M64316430	0	1809	0	0	
7172	7170	AGV	ALL	71727170	-15	M71727170	0	0	0	0	
7182	7192	AGV	ALL	71827192	500	M71827192	0	1885	0	0	
6440	6441	AGV	ALL	64406441	-500	M64406441	0	1248	0	0	
7190	7192	AGV	ALL	71907192	15	M71907192	0	0	0	0	
6441	6440	AGV	ALL	64416440	1000	M64416440	0	1248	0	0	
7192	7190	AGV	ALL	71927190	-15	M71927190	0	0	0	0	
7192	7202	AGV	ALL	71927202	600	M71927202	0	3400	0	0	
6450	6451	AGV	ALL	64506451	-500	M64506451	0	1819	0	0	
821	822	APL	ALL	8210822	-50	M08210822	0	700	0	0	
6451	6450	AGV	ALL	64516450	1000	M64516450	0	1819	0	0	
823	822	APL	ALL	8230822	-50	M08230822	0	1400	0	0	
824	822	APL	ALL	8240822	50	M08240822	0	699	0	0	
6460	6461	AGV	ALL	64606461	-500	M64606461	0	2049	0	0	
825	822	APL	ALL	8250822	-50	M08250822	0	2100	0	0	
6461	6460	AGV	ALL	64616460	1000	M64616460	0	2049	0	0	
7242	7252	AGV	ALL	72427252	500	M72427252	0	1880	0	0	
7250	7252	AGV	ALL	72507252	15	M72507252	0	0	0	0	
6470	6471	AGV	ALL	64706471	-500	M64706471	0	1600	0	0	
7252	7250	AGV	ALL	72527250	-15	M72527250	0	0	0	0	
6471	6470	AGV	ALL	64716470	1000	M64716470	0	1600	0	0	
7252	7272	AGV	ALL	72527272	1000	M72527272	0	5114	0	0	
822	821	APL	ALL	8220821	50	M08220821	0	700	0	0	
6480	6481	AGV	ALL	64806481	-500	M64806481	0	1740	0	0	
822	823	APL	ALL	8220823	50	M08220823	0	1400	0	0	
6481	6480	AGV	ALL	64816480	1000	M64816480	0	1740	0	0	
822	824	APL	ALL	8220824	-50	M08220824	0	699	0	0	
822	825	APL	ALL	8220825	50	M08220825	0	2100	0	0	
6490	6491	AGV	ALL	64906491	-500	M64906491	0	1599	0	0	
2777	7343	AGV	ALL	27777343	700	M27777343	0	3768	0	0	
6491	6490	AGV	ALL	64916490	1000	M64916490	0	1599	0	0	
7362	7343	AGV	ALL	73627343	700	M73627343	0	5668	0	0	
2535	6462	AGV	ALL	25356462	-500	M25356462	0	4626	0	0	
6500	6501	AGV	ALL	65006501	-500	M65006501	0	1599	0	0	
2553	6782	AGV	ALL	25536782	-500	M25536782	0	3427	0	0	
6501	6500	AGV	ALL	65016500	1000	M65016500	0	1599	0	0	
3025	5462	AGV	ALL	30255462	-500	M30255462	0	4306	0	0	
5460	5462	AGV	ALL	54605462	-20	M54605462	0	0	0	0	
6510	6511	AGV	ALL	65106511	-500	M65106511	0	1600	0	0	
5462	3025	AGV	ALL	54623025	700	M54623025	0	4305	0	0	
6511	6510	AGV	ALL	65116510	1000	M65116510	0	1600	0	0	
5462	5460	AGV	ALL	54625460	20	M54625460	0	0	0	0	
6160	6162	AGV	ALL	61606162	20	M61606162	0	0	0	0	
6660	6661	AGV	ALL	66606661	-500	M66606661	0	1784	0	0	
6162	2505	AGV	ALL	61622505	700	M61622505	0	4299	0	0	
6661	6660	AGV	ALL	66616660	1000	M66616660	0	1784	0	0	
6162	6160	AGV	ALL	61626160	-20	M61626160	0	0	0	0	
6460	6462	AGV	ALL	64606462	-20	M64606462	0	0	0	0	
6670	6671	AGV	ALL	66706671	-500	M66706671	0	1131	0	0	
6462	2535	AGV	ALL	64622535	700	M64622535	0	4621	0	0	
6671	6670	AGV	ALL	66716670	1000	M66716670	0	1131	0	0	
6462	6460	AGV	ALL	64626460	20	M64626460	0	0	0	0	
6780	6782	AGV	ALL	67806782	-20	M67806782	0	0	0	0	
6680	6681	AGV	ALL	66806681	-500	M66806681	0	1784	0	0	
6782	2553	AGV	ALL	67822553	700	M67822553	0	3427	0	0	
6681	6680	AGV	ALL	66816680	1000	M66816680	0	1784	0	0	
6782	6780	AGV	ALL	67826780	20	M67826780	0	0	0	0	
2060	2061	AGV	ALL	20602061	-500	M20602061	0	2000	0	0	
6690	6691	AGV	ALL	66906691	-500	M66906691	0	1800	0	0	
2061	2003	AGV	ALL	20612003	600	M20612003	0	5325	0	0	
6691	6690	AGV	ALL	66916690	1000	M66916690	0	1800	0	0	
2061	2502	AGV	ALL	20612502	600	M20612502	0	6140	0	0	
6700	6701	AGV	ALL	67006701	-500	M67006701	0	1784	0	0	
6701	6700	AGV	ALL	67016700	1000	M67016700	0	1784	0	0	
6710	6711	AGV	ALL	67106711	-500	M67106711	0	1800	0	0	
6711	6710	AGV	ALL	67116710	1000	M67116710	0	1800	0	0	
6720	6721	AGV	ALL	67206721	-500	M67206721	0	1784	0	0	
6721	6720	AGV	ALL	67216720	1000	M67216720	0	1784	0	0	
6730	6731	AGV	ALL	67306731	-500	M67306731	0	1798	0	0	
6731	6730	AGV	ALL	67316730	1000	M67316730	0	1798	0	0	
6740	6741	AGV	ALL	67406741	-500	M67406741	0	1784	0	0	
6741	6740	AGV	ALL	67416740	1000	M67416740	0	1784	0	0	
6750	6751	AGV	ALL	67506751	-500	M67506751	0	1790	0	0	
6751	6750	AGV	ALL	67516750	1000	M67516750	0	1790	0	0	
6760	6761	AGV	ALL	67606761	-500	M67606761	0	1248	0	0	
6761	6760	AGV	ALL	67616760	1000	M67616760	0	1248	0	0	
6770	6771	AGV	ALL	67706771	-500	M67706771	0	1800	0	0	
6771	6770	AGV	ALL	67716770	1000	M67716770	0	1800	0	0	
6780	6781	AGV	ALL	67806781	-500	M67806781	0	1923	0	0	
6781	6780	AGV	ALL	67816780	1000	M67816780	0	1923	0	0	
2070	2036	AGV	ALL	20702036	600	M20702036	0	5575	0	0	
2041	2142	AGV	ALL	20412142	1000	M20412142	0	1965	5000	0	
6790	6791	AGV	ALL	67906791	-500	M67906791	0	1600	0	0	
6791	6790	AGV	ALL	67916790	1000	M67916790	0	1600	0	0	
6800	6801	AGV	ALL	68006801	-500	M68006801	0	1750	0	0	
6801	6800	AGV	ALL	68016800	500	M68016800	0	1750	0	0	
6810	6811	AGV	ALL	68106811	-500	M68106811	0	1539	0	0	
6811	6810	AGV	ALL	68116810	1000	M68116810	0	1539	0	0	
6820	6821	AGV	ALL	68206821	-500	M68206821	0	1600	0	0	
6821	6820	AGV	ALL	68216820	1000	M68216820	0	1600	0	0	
6830	6831	AGV	ALL	68306831	-500	M68306831	0	1600	0	0	
6831	6830	AGV	ALL	68316830	1000	M68316830	0	1600	0	0	
7010	7011	AGV	ALL	70107011	-500	M70107011	0	12449	0	0	
7011	7010	AGV	ALL	70117010	1000	M70117010	0	12449	0	0	
7020	7021	AGV	ALL	70207021	-500	M70207021	0	12449	0	0	
7021	7020	AGV	ALL	70217020	1000	M70217020	0	12449	0	0	
7030	7031	AGV	ALL	70307031	-500	M70307031	0	12449	0	0	
7031	7030	AGV	ALL	70317030	1000	M70317030	0	12449	0	0	
7040	7041	AGV	ALL	70407041	-500	M70407041	0	12450	0	0	
7041	7040	AGV	ALL	70417040	1000	M70417040	0	12450	0	0	
7050	7051	AGV	ALL	70507051	-500	M70507051	0	12449	0	0	
7051	7050	AGV	ALL	70517050	1000	M70517050	0	12449	0	0	
7060	7061	AGV	ALL	70607061	-500	M70607061	0	12449	0	0	
7061	7060	AGV	ALL	70617060	1000	M70617060	0	12449	0	0	
7070	7071	AGV	ALL	70707071	-500	M70707071	0	12449	0	0	
7071	7070	AGV	ALL	70717070	1000	M70717070	0	12449	0	0	
7080	7081	AGV	ALL	70807081	-500	M70807081	0	12449	0	0	
7081	7080	AGV	ALL	70817080	1000	M70817080	0	12449	0	0	
7090	7091	AGV	ALL	70907091	-500	M70907091	0	12349	0	0	
7091	7090	AGV	ALL	70917090	1000	M70917090	0	12349	0	0	
7100	7101	AGV	ALL	71007101	-500	M71007101	0	12349	0	0	
7101	7100	AGV	ALL	71017100	1000	M71017100	0	12349	0	0	
7110	7111	AGV	ALL	71107111	-500	M71107111	0	12349	0	0	
7111	7110	AGV	ALL	71117110	1000	M71117110	0	12349	0	0	
7120	7121	AGV	ALL	71207121	-500	M71207121	0	12349	0	0	
7121	7120	AGV	ALL	71217120	1000	M71217120	0	12349	0	0	
7130	7131	AGV	ALL	71307131	-500	M71307131	0	12349	0	0	
7131	7130	AGV	ALL	71317130	1000	M71317130	0	12349	0	0	
7140	7141	AGV	ALL	71407141	-500	M71407141	0	1894	0	0	
7141	7140	AGV	ALL	71417140	1000	M71417140	0	1894	0	0	
7150	7151	AGV	ALL	71507151	-500	M71507151	0	2009	0	0	
7151	7150	AGV	ALL	71517150	1000	M71517150	0	2009	0	0	
7160	7161	AGV	ALL	71607161	-500	M71607161	0	2009	0	0	
7161	7160	AGV	ALL	71617160	1000	M71617160	0	2009	0	0	
7170	7171	AGV	ALL	71707171	-500	M71707171	0	2009	0	0	
7171	7170	AGV	ALL	71717170	1000	M71717170	0	2009	0	0	
7180	7181	AGV	ALL	71807181	-500	M71807181	0	2009	0	0	
7181	7180	AGV	ALL	71817180	1000	M71817180	0	2009	0	0	
7190	7191	AGV	ALL	71907191	-500	M71907191	0	2009	0	0	
7191	7190	AGV	ALL	71917190	1000	M71917190	0	2009	0	0	
7200	7201	AGV	ALL	72007201	-500	M72007201	0	2259	0	0	
7201	7200	AGV	ALL	72017200	1000	M72017200	0	2259	0	0	
7210	7211	AGV	ALL	72107211	-500	M72107211	0	2259	0	0	
7211	7210	AGV	ALL	72117210	1000	M72117210	0	2259	0	0	
7220	7221	AGV	ALL	72207221	-500	M72207221	0	2000	0	0	
7221	7220	AGV	ALL	72217220	1000	M72217220	0	2000	0	0	
7230	7231	AGV	ALL	72307231	-500	M72307231	0	2000	0	0	
7231	7230	AGV	ALL	72317230	1000	M72317230	0	2000	0	0	
7240	7241	AGV	ALL	72407241	-500	M72407241	0	2259	0	0	
7241	7240	AGV	ALL	72417240	1000	M72417240	0	2259	0	0	
7250	7251	AGV	ALL	72507251	-500	M72507251	0	2259	0	0	
7251	7250	AGV	ALL	72517250	1000	M72517250	0	2259	0	0	
7260	7261	AGV	ALL	72607261	-500	M72607261	0	2000	0	0	
7261	7260	AGV	ALL	72617260	1000	M72617260	0	2000	0	0	
7270	7271	AGV	ALL	72707271	-500	M72707271	0	2259	0	0	
7271	7270	AGV	ALL	72717270	1000	M72717270	0	2259	0	0	
7280	7281	AGV	ALL	72807281	-500	M72807281	0	2287	0	0	
7281	7280	AGV	ALL	72817280	1000	M72817280	0	2287	0	0	
7290	7291	AGV	ALL	72907291	-500	M72907291	0	2000	0	0	
7291	7290	AGV	ALL	72917290	1000	M72917290	0	2000	0	0	
7310	7311	AGV	ALL	73107311	-500	M73107311	0	7900	0	0	
7311	7310	AGV	ALL	73117310	1000	M73117310	0	7900	0	0	
7320	7321	AGV	ALL	73207321	-500	M73207321	0	7900	0	0	
7321	7320	AGV	ALL	73217320	1000	M73217320	0	7900	0	0	
7323	3544	AGV	ALL	73233544	700	M73233544	0	3486	0	0	
7330	7331	AGV	ALL	73307331	-500	M73307331	0	7900	0	0	
7333	3545	AGV	ALL	73333545	700	M73333545	0	3486	0	0	
7340	7341	AGV	ALL	73407341	-500	M73407341	0	7900	0	0	
7341	7340	AGV	ALL	73417340	1000	M73417340	0	7900	0	0	
7343	3546	AGV	ALL	73433546	700	M73433546	0	3146	0	0	
7350	7351	AGV	ALL	73507351	-500	M73507351	0	7900	0	0	
7351	7350	AGV	ALL	73517350	1000	M73517350	0	7900	0	0	
7353	3547	AGV	ALL	73533547	700	M73533547	0	4326	0	0	
7360	7361	AGV	ALL	73607361	-500	M73607361	0	8020	0	0	
7361	7360	AGV	ALL	73617360	1000	M73617360	0	8020	0	0	
7370	7371	AGV	ALL	73707371	-500	M73707371	0	8019	0	0	
7371	7370	AGV	ALL	73717370	1000	M73717370	0	8019	0	0	
7373	3549	AGV	ALL	73733549	700	M73733549	0	3486	0	0	
3573	7586	AGV	ALL	35737586	700	M35737586	0	2914	0	0	
7380	7381	AGV	ALL	73807381	-500	M73807381	0	7899	0	0	
7381	7380	AGV	ALL	73817380	1000	M73817380	0	7899	0	0	
7383	3550	AGV	ALL	73833550	700	M73833550	0	3486	0	0	
7390	7391	AGV	ALL	73907391	-500	M73907391	0	7899	0	0	
7391	7390	AGV	ALL	73917390	1000	M73917390	0	7899	0	0	
7393	3552	AGV	ALL	73933552	700	M73933552	0	3486	0	0	
7400	7401	AGV	ALL	74007401	-500	M74007401	0	7900	0	0	
7401	7400	AGV	ALL	74017400	1000	M74017400	0	7900	0	0	
7403	3553	AGV	ALL	74033553	700	M74033553	0	3486	0	0	
2018	9221	AGV	ALL	20189221	600	M20189221	0	4316	0	0	
7410	7411	AGV	ALL	74107411	-500	M74107411	0	7900	0	0	
7411	7410	AGV	ALL	74117410	1000	M74117410	0	7900	0	0	
7420	7421	AGV	ALL	74207421	-500	M74207421	0	8020	0	0	
7421	7420	AGV	ALL	74217420	1000	M74217420	0	8020	0	0	
7430	7431	AGV	ALL	74307431	-500	M74307431	0	8020	0	0	
7431	7430	AGV	ALL	74317430	1000	M74317430	0	8020	0	0	
7433	3556	AGV	ALL	74333556	700	M74333556	0	3486	0	0	
7440	7441	AGV	ALL	74407441	-500	M74407441	0	7900	0	0	
7441	7440	AGV	ALL	74417440	1000	M74417440	0	7900	0	0	
7443	3557	AGV	ALL	74433557	700	M74433557	0	3486	0	0	
7450	7451	AGV	ALL	74507451	-500	M74507451	0	7900	0	0	
7451	7450	AGV	ALL	74517450	1000	M74517450	0	7900	0	0	
7453	3558	AGV	ALL	74533558	700	M74533558	0	3486	0	0	
7460	7461	AGV	ALL	74607461	-500	M74607461	0	7900	0	0	
7461	7460	AGV	ALL	74617460	1000	M74617460	0	7900	0	0	
7463	3559	AGV	ALL	74633559	700	M74633559	0	3486	0	0	
7470	7471	AGV	ALL	74707471	-500	M74707471	0	7900	0	0	
7471	7470	AGV	ALL	74717470	1000	M74717470	0	7900	0	0	
7473	3560	AGV	ALL	74733560	700	M74733560	0	3146	0	0	
7480	7481	AGV	ALL	74807481	-500	M74807481	0	8020	0	0	
7481	7480	AGV	ALL	74817480	1000	M74817480	0	8020	0	0	
7490	7491	AGV	ALL	74907491	-500	M74907491	0	8019	0	0	
7491	7490	AGV	ALL	74917490	1000	M74917490	0	8019	0	0	
7500	7501	AGV	ALL	75007501	-500	M75007501	0	7900	0	0	
7501	7500	AGV	ALL	75017500	1000	M75017500	0	7900	0	0	
7503	3562	AGV	ALL	75033562	700	M75033562	0	3486	0	0	
7510	7511	AGV	ALL	75107511	-500	M75107511	0	7899	0	0	
7511	7510	AGV	ALL	75117510	1000	M75117510	0	7899	0	0	
7513	3563	AGV	ALL	75133563	700	M75133563	0	3164	0	0	
7520	7521	AGV	ALL	75207521	-500	M75207521	0	7899	0	0	
7521	7520	AGV	ALL	75217520	1000	M75217520	0	7899	0	0	
7523	3564	AGV	ALL	75233564	700	M75233564	0	3486	0	0	
7530	7531	AGV	ALL	75307531	-500	M75307531	0	7900	0	0	
7531	7530	AGV	ALL	75317530	1000	M75317530	0	7900	0	0	
7533	3565	AGV	ALL	75333565	700	M75333565	0	3486	0	0	
7540	7541	AGV	ALL	75407541	-500	M75407541	0	10914	0	0	
7540	7543	AGV	ALL	75407543	1000	M75407543	0	3602	0	0	
7541	7540	AGV	ALL	75417540	1000	M75417540	0	10914	0	0	
7543	2500	AGV	ALL	75432500	700	M75432500	0	5071	0	0	
7543	4544	AGV	ALL	75434544	600	M75434544	0	2911	0	0	
7550	7551	AGV	ALL	75507551	-500	M75507551	0	7399	0	0	
7551	7550	AGV	ALL	75517550	1000	M75517550	0	7399	0	0	
7560	7561	AGV	ALL	75607561	-500	M75607561	0	7399	0	0	
7560	7563	AGV	ALL	75607563	20	M75607563	0	0	0	0	
7561	7560	AGV	ALL	75617560	1000	M75617560	0	7399	0	0	
7563	7560	AGV	ALL	75637560	-20	M75637560	0	0	0	0	
7570	7571	AGV	ALL	75707571	-500	M75707571	0	7399	0	0	
7570	7573	AGV	ALL	75707573	20	M75707573	0	0	0	0	
7571	7570	AGV	ALL	75717570	1000	M75717570	0	7399	0	0	
7573	7563	AGV	ALL	75737563	1000	M75737563	0	1725	0	0	
7573	7570	AGV	ALL	75737570	-20	M75737570	0	0	0	0	
7580	7581	AGV	ALL	75807581	-500	M75807581	0	7399	0	0	
7581	7580	AGV	ALL	75817580	1000	M75817580	0	7399	0	0	
7586	7585	AGV	ALL	75867585	1000	M75867585	0	2650	0	0	
604	605	APL	ALL	6040605	50	M06040605	0	2799	0	0	
605	601	APL	ALL	6050601	-50	M06050601	0	1400	0	0	
621	624	APL	ALL	6210624	-50	M06210624	0	1400	0	0	
621	625	APL	ALL	6210625	50	M06210625	0	1399	0	0	
622	621	APL	ALL	6220621	50	M06220621	0	700	0	0	
622	623	APL	ALL	6220623	50	M06220623	0	1399	0	0	
622	624	APL	ALL	6220624	-50	M06220624	0	700	0	0	
622	625	APL	ALL	6220625	50	M06220625	0	2099	0	0	
623	621	APL	ALL	6230621	-50	M06230621	0	699	0	0	
623	622	APL	ALL	6230622	-50	M06230622	0	1399	0	0	
623	624	APL	ALL	6230624	-50	M06230624	0	2099	0	0	
623	625	APL	ALL	6230625	50	M06230625	0	700	0	0	
624	621	APL	ALL	6240621	50	M06240621	0	1400	0	0	
624	622	APL	ALL	6240622	50	M06240622	0	700	0	0	
624	623	APL	ALL	6240623	50	M06240623	0	2099	0	0	
624	625	APL	ALL	6240625	50	M06240625	0	2799	0	0	
625	621	APL	ALL	6250621	-50	M06250621	0	1399	0	0	
625	622	APL	ALL	6250622	-50	M06250622	0	2099	0	0	
625	623	APL	ALL	6250623	-50	M06250623	0	700	0	0	
625	624	APL	ALL	6250624	-50	M06250624	0	2799	0	0	
631	632	APL	ALL	6310632	-50	M06310632	0	700	0	0	
631	633	APL	ALL	6310633	50	M06310633	0	699	0	0	
631	634	APL	ALL	6310634	-50	M06310634	0	1400	0	0	
631	635	APL	ALL	6310635	50	M06310635	0	1399	0	0	
632	631	APL	ALL	6320631	50	M06320631	0	700	0	0	
632	633	APL	ALL	6320633	50	M06320633	0	1399	0	0	
632	634	APL	ALL	6320634	-50	M06320634	0	700	0	0	
632	635	APL	ALL	6320635	50	M06320635	0	2100	0	0	
633	631	APL	ALL	6330631	-50	M06330631	0	699	0	0	
633	632	APL	ALL	6330632	-50	M06330632	0	1399	0	0	
633	634	APL	ALL	6330634	-50	M06330634	0	2100	0	0	
633	635	APL	ALL	6330635	50	M06330635	0	700	0	0	
634	631	APL	ALL	6340631	50	M06340631	0	1400	0	0	
634	632	APL	ALL	6340632	50	M06340632	0	700	0	0	
634	633	APL	ALL	6340633	50	M06340633	0	2100	0	0	
634	635	APL	ALL	6340635	50	M06340635	0	2800	0	0	
635	631	APL	ALL	6350631	-50	M06350631	0	1399	0	0	
635	632	APL	ALL	6350632	-50	M06350632	0	2100	0	0	
635	633	APL	ALL	6350633	-50	M06350633	0	700	0	0	
635	634	APL	ALL	6350634	-50	M06350634	0	2800	0	0	
641	642	APL	ALL	6410642	-50	M06410642	0	700	0	0	
641	643	APL	ALL	6410643	50	M06410643	0	699	0	0	
641	644	APL	ALL	6410644	-50	M06410644	0	1400	0	0	
641	645	APL	ALL	6410645	50	M06410645	0	1399	0	0	
642	641	APL	ALL	6420641	50	M06420641	0	700	0	0	
642	643	APL	ALL	6420643	50	M06420643	0	1399	0	0	
642	644	APL	ALL	6420644	-50	M06420644	0	700	0	0	
642	645	APL	ALL	6420645	50	M06420645	0	2100	0	0	
643	641	APL	ALL	6430641	-50	M06430641	0	699	0	0	
643	642	APL	ALL	6430642	-50	M06430642	0	1399	0	0	
643	644	APL	ALL	6430644	-50	M06430644	0	2100	0	0	
643	645	APL	ALL	6430645	50	M06430645	0	700	0	0	
644	641	APL	ALL	6440641	50	M06440641	0	1400	0	0	
644	642	APL	ALL	6440642	50	M06440642	0	700	0	0	
644	643	APL	ALL	6440643	50	M06440643	0	2100	0	0	
644	645	APL	ALL	6440645	50	M06440645	0	2800	0	0	
645	641	APL	ALL	6450641	-50	M06450641	0	1399	0	0	
645	642	APL	ALL	6450642	-50	M06450642	0	2100	0	0	
645	643	APL	ALL	6450643	-50	M06450643	0	700	0	0	
645	644	APL	ALL	6450644	-50	M06450644	0	2800	0	0	
651	652	APL	ALL	6510652	-50	M06510652	0	700	0	0	
651	653	APL	ALL	6510653	50	M06510653	0	699	0	0	
651	654	APL	ALL	6510654	-50	M06510654	0	1400	0	0	
651	655	APL	ALL	6510655	50	M06510655	0	1399	0	0	
652	651	APL	ALL	6520651	50	M06520651	0	700	0	0	
652	653	APL	ALL	6520653	50	M06520653	0	1399	0	0	
652	654	APL	ALL	6520654	-50	M06520654	0	700	0	0	
652	655	APL	ALL	6520655	50	M06520655	0	2100	0	0	
653	651	APL	ALL	6530651	-50	M06530651	0	699	0	0	
653	652	APL	ALL	6530652	-50	M06530652	0	1399	0	0	
653	654	APL	ALL	6530654	-50	M06530654	0	2100	0	0	
653	655	APL	ALL	6530655	50	M06530655	0	700	0	0	
654	651	APL	ALL	6540651	50	M06540651	0	1400	0	0	
654	652	APL	ALL	6540652	50	M06540652	0	700	0	0	
654	653	APL	ALL	6540653	50	M06540653	0	2100	0	0	
654	655	APL	ALL	6540655	50	M06540655	0	2800	0	0	
655	651	APL	ALL	6550651	-50	M06550651	0	1399	0	0	
655	652	APL	ALL	6550652	-50	M06550652	0	2100	0	0	
655	653	APL	ALL	6550653	-50	M06550653	0	700	0	0	
655	654	APL	ALL	6550654	-50	M06550654	0	2800	0	0	
661	662	APL	ALL	6610662	-50	M06610662	0	699	0	0	
661	663	APL	ALL	6610663	50	M06610663	0	700	0	0	
661	664	APL	ALL	6610664	-50	M06610664	0	1399	0	0	
661	665	APL	ALL	6610665	50	M06610665	0	1399	0	0	
662	661	APL	ALL	6620661	50	M06620661	0	699	0	0	
662	663	APL	ALL	6620663	50	M06620663	0	1399	0	0	
662	664	APL	ALL	6620664	-50	M06620664	0	700	0	0	
662	665	APL	ALL	6620665	50	M06620665	0	2099	0	0	
663	661	APL	ALL	6630661	-50	M06630661	0	700	0	0	
663	662	APL	ALL	6630662	-50	M06630662	0	1399	0	0	
663	664	APL	ALL	6630664	-50	M06630664	0	2100	0	0	
663	665	APL	ALL	6630665	50	M06630665	0	699	0	0	
664	661	APL	ALL	6640661	50	M06640661	0	1399	0	0	
664	662	APL	ALL	6640662	50	M06640662	0	700	0	0	
664	663	APL	ALL	6640663	50	M06640663	0	2100	0	0	
664	665	APL	ALL	6640665	50	M06640665	0	2799	0	0	
665	661	APL	ALL	6650661	-50	M06650661	0	1399	0	0	
665	662	APL	ALL	6650662	-50	M06650662	0	2099	0	0	
665	663	APL	ALL	6650663	-50	M06650663	0	699	0	0	
665	664	APL	ALL	6650664	-50	M06650664	0	2799	0	0	
671	672	APL	ALL	6710672	-50	M06710672	0	700	0	0	
671	673	APL	ALL	6710673	50	M06710673	0	699	0	0	
671	674	APL	ALL	6710674	-50	M06710674	0	1399	0	0	
671	675	APL	ALL	6710675	50	M06710675	0	1399	0	0	
672	671	APL	ALL	6720671	50	M06720671	0	700	0	0	
672	673	APL	ALL	6720673	50	M06720673	0	1399	0	0	
672	674	APL	ALL	6720674	-50	M06720674	0	699	0	0	
672	675	APL	ALL	6720675	50	M06720675	0	2100	0	0	
673	671	APL	ALL	6730671	-50	M06730671	0	699	0	0	
673	672	APL	ALL	6730672	-50	M06730672	0	1399	0	0	
673	674	APL	ALL	6730674	-50	M06730674	0	2099	0	0	
673	675	APL	ALL	6730675	50	M06730675	0	700	0	0	
674	671	APL	ALL	6740671	50	M06740671	0	1399	0	0	
674	672	APL	ALL	6740672	50	M06740672	0	699	0	0	
674	673	APL	ALL	6740673	50	M06740673	0	2099	0	0	
674	675	APL	ALL	6740675	50	M06740675	0	2799	0	0	
675	671	APL	ALL	6750671	-50	M06750671	0	1399	0	0	
675	672	APL	ALL	6750672	-50	M06750672	0	2100	0	0	
675	673	APL	ALL	6750673	-50	M06750673	0	700	0	0	
675	674	APL	ALL	6750674	-50	M06750674	0	2799	0	0	
681	682	APL	ALL	6810682	-50	M06810682	0	699	0	0	
681	683	APL	ALL	6810683	50	M06810683	0	700	0	0	
681	684	APL	ALL	6810684	-50	M06810684	0	1399	0	0	
681	685	APL	ALL	6810685	50	M06810685	0	1400	0	0	
682	681	APL	ALL	6820681	50	M06820681	0	699	0	0	
682	683	APL	ALL	6820683	50	M06820683	0	1399	0	0	
682	684	APL	ALL	6820684	-50	M06820684	0	700	0	0	
682	685	APL	ALL	6820685	50	M06820685	0	2100	0	0	
683	681	APL	ALL	6830681	-50	M06830681	0	700	0	0	
683	682	APL	ALL	6830682	-50	M06830682	0	1399	0	0	
683	684	APL	ALL	6830684	-50	M06830684	0	2100	0	0	
683	685	APL	ALL	6830685	50	M06830685	0	700	0	0	
684	681	APL	ALL	6840681	50	M06840681	0	1399	0	0	
684	682	APL	ALL	6840682	50	M06840682	0	700	0	0	
684	683	APL	ALL	6840683	50	M06840683	0	2100	0	0	
684	685	APL	ALL	6840685	50	M06840685	0	2800	0	0	
685	681	APL	ALL	6850681	-50	M06850681	0	1400	0	0	
685	682	APL	ALL	6850682	-50	M06850682	0	2100	0	0	
685	683	APL	ALL	6850683	-50	M06850683	0	700	0	0	
685	684	APL	ALL	6850684	-50	M06850684	0	2800	0	0	
691	692	APL	ALL	6910692	-50	M06910692	0	700	0	0	
691	693	APL	ALL	6910693	50	M06910693	0	700	0	0	
691	694	APL	ALL	6910694	-50	M06910694	0	1400	0	0	
691	695	APL	ALL	6910695	50	M06910695	0	1400	0	0	
692	691	APL	ALL	6920691	50	M06920691	0	700	0	0	
692	693	APL	ALL	6920693	50	M06920693	0	1400	0	0	
692	694	APL	ALL	6920694	-50	M06920694	0	700	0	0	
692	695	APL	ALL	6920695	50	M06920695	0	2100	0	0	
693	691	APL	ALL	6930691	-50	M06930691	0	700	0	0	
693	692	APL	ALL	6930692	-50	M06930692	0	1400	0	0	
693	694	APL	ALL	6930694	-50	M06930694	0	2100	0	0	
693	695	APL	ALL	6930695	50	M06930695	0	700	0	0	
694	691	APL	ALL	6940691	50	M06940691	0	1400	0	0	
694	692	APL	ALL	6940692	50	M06940692	0	700	0	0	
694	693	APL	ALL	6940693	50	M06940693	0	2100	0	0	
694	695	APL	ALL	6940695	50	M06940695	0	2800	0	0	
695	691	APL	ALL	6950691	-50	M06950691	0	1400	0	0	
695	692	APL	ALL	6950692	-50	M06950692	0	2100	0	0	
695	693	APL	ALL	6950693	-50	M06950693	0	700	0	0	
695	694	APL	ALL	6950694	-50	M06950694	0	2800	0	0	
701	702	APL	ALL	7010702	-50	M07010702	0	700	0	0	
701	703	APL	ALL	7010703	50	M07010703	0	700	0	0	
701	704	APL	ALL	7010704	-50	M07010704	0	1400	0	0	
701	705	APL	ALL	7010705	50	M07010705	0	1400	0	0	
702	701	APL	ALL	7020701	50	M07020701	0	700	0	0	
702	703	APL	ALL	7020703	50	M07020703	0	1400	0	0	
702	704	APL	ALL	7020704	-50	M07020704	0	700	0	0	
702	705	APL	ALL	7020705	50	M07020705	0	2100	0	0	
703	704	APL	ALL	7030704	-50	M07030704	0	2100	0	0	
703	705	APL	ALL	7030705	-50	M07030705	0	700	0	0	
704	701	APL	ALL	7040701	50	M07040701	0	1400	0	0	
704	702	APL	ALL	7040702	50	M07040702	0	700	0	0	
704	703	APL	ALL	7040703	50	M07040703	0	2100	0	0	
704	705	APL	ALL	7040705	50	M07040705	0	2800	0	0	
705	701	APL	ALL	7050701	-50	M07050701	0	1400	0	0	
705	702	APL	ALL	7050702	-50	M07050702	0	2100	0	0	
705	703	APL	ALL	7050703	-50	M07050703	0	700	0	0	
705	704	APL	ALL	7050704	-50	M07050704	0	2800	0	0	
711	712	APL	ALL	7110712	-50	M07110712	0	700	0	0	
711	713	APL	ALL	7110713	50	M07110713	0	700	0	0	
711	714	APL	ALL	7110714	-50	M07110714	0	1399	0	0	
711	715	APL	ALL	7110715	50	M07110715	0	1400	0	0	
712	711	APL	ALL	7120711	50	M07120711	0	700	0	0	
712	713	APL	ALL	7120713	50	M07120713	0	1400	0	0	
712	714	APL	ALL	7120714	-50	M07120714	0	699	0	0	
712	715	APL	ALL	7120715	50	M07120715	0	2100	0	0	
713	711	APL	ALL	7130711	-50	M07130711	0	700	0	0	
713	712	APL	ALL	7130712	-50	M07130712	0	1400	0	0	
713	714	APL	ALL	7130714	-50	M07130714	0	2099	0	0	
713	715	APL	ALL	7130715	50	M07130715	0	700	0	0	
714	711	APL	ALL	7140711	50	M07140711	0	1399	0	0	
714	712	APL	ALL	7140712	50	M07140712	0	699	0	0	
714	713	APL	ALL	7140713	50	M07140713	0	2099	0	0	
714	715	APL	ALL	7140715	50	M07140715	0	2799	0	0	
715	711	APL	ALL	7150711	-50	M07150711	0	1400	0	0	
715	712	APL	ALL	7150712	-50	M07150712	0	2100	0	0	
715	713	APL	ALL	7150713	-50	M07150713	0	700	0	0	
715	714	APL	ALL	7150714	-50	M07150714	0	2799	0	0	
721	722	APL	ALL	7210722	-50	M07210722	0	699	0	0	
721	723	APL	ALL	7210723	50	M07210723	0	700	0	0	
721	724	APL	ALL	7210724	-50	M07210724	0	1399	0	0	
721	725	APL	ALL	7210725	50	M07210725	0	1400	0	0	
722	721	APL	ALL	7220721	50	M07220721	0	699	0	0	
722	723	APL	ALL	7220723	50	M07220723	0	1399	0	0	
722	724	APL	ALL	7220724	-50	M07220724	0	700	0	0	
722	725	APL	ALL	7220725	50	M07220725	0	2099	0	0	
723	721	APL	ALL	7230721	-50	M07230721	0	700	0	0	
723	722	APL	ALL	7230722	-50	M07230722	0	1399	0	0	
723	724	APL	ALL	7230724	-50	M07230724	0	2099	0	0	
723	725	APL	ALL	7230725	50	M07230725	0	700	0	0	
724	721	APL	ALL	7240721	50	M07240721	0	1399	0	0	
724	722	APL	ALL	7240722	50	M07240722	0	700	0	0	
724	723	APL	ALL	7240723	50	M07240723	0	2099	0	0	
724	725	APL	ALL	7240725	50	M07240725	0	2799	0	0	
725	721	APL	ALL	7250721	-50	M07250721	0	1400	0	0	
725	722	APL	ALL	7250722	-50	M07250722	0	2099	0	0	
725	723	APL	ALL	7250723	-50	M07250723	0	700	0	0	
725	724	APL	ALL	7250724	-50	M07250724	0	2799	0	0	
731	732	APL	ALL	7310732	-50	M07310732	0	700	0	0	
731	733	APL	ALL	7310733	50	M07310733	0	700	0	0	
731	734	APL	ALL	7310734	-50	M07310734	0	1399	0	0	
731	735	APL	ALL	7310735	50	M07310735	0	1400	0	0	
732	731	APL	ALL	7320731	50	M07320731	0	700	0	0	
732	733	APL	ALL	7320733	50	M07320733	0	1400	0	0	
732	734	APL	ALL	7320734	-50	M07320734	0	699	0	0	
732	735	APL	ALL	7320735	50	M07320735	0	2100	0	0	
733	731	APL	ALL	7330731	-50	M07330731	0	700	0	0	
733	732	APL	ALL	7330732	-50	M07330732	0	1400	0	0	
733	734	APL	ALL	7330734	-50	M07330734	0	2099	0	0	
733	735	APL	ALL	7330735	50	M07330735	0	700	0	0	
734	731	APL	ALL	7340731	50	M07340731	0	1399	0	0	
734	732	APL	ALL	7340732	50	M07340732	0	699	0	0	
734	733	APL	ALL	7340733	50	M07340733	0	2099	0	0	
734	735	APL	ALL	7340735	50	M07340735	0	2799	0	0	
735	731	APL	ALL	7350731	-50	M07350731	0	1400	0	0	
735	732	APL	ALL	7350732	-50	M07350732	0	2100	0	0	
735	733	APL	ALL	7350733	-50	M07350733	0	700	0	0	
735	734	APL	ALL	7350734	-50	M07350734	0	2799	0	0	
741	742	APL	ALL	7410742	-50	M07410742	0	700	0	0	
741	743	APL	ALL	7410743	50	M07410743	0	699	0	0	
741	744	APL	ALL	7410744	-50	M07410744	0	1400	0	0	
741	745	APL	ALL	7410745	50	M07410745	0	1399	0	0	
742	741	APL	ALL	7420741	50	M07420741	0	700	0	0	
742	743	APL	ALL	7420743	50	M07420743	0	1399	0	0	
742	744	APL	ALL	7420744	-50	M07420744	0	700	0	0	
742	745	APL	ALL	7420745	50	M07420745	0	2099	0	0	
743	741	APL	ALL	7430741	-50	M07430741	0	699	0	0	
743	742	APL	ALL	7430742	-50	M07430742	0	1399	0	0	
743	744	APL	ALL	7430744	-50	M07430744	0	2099	0	0	
743	745	APL	ALL	7430745	50	M07430745	0	700	0	0	
744	741	APL	ALL	7440741	50	M07440741	0	1400	0	0	
744	742	APL	ALL	7440742	50	M07440742	0	700	0	0	
744	743	APL	ALL	7440743	50	M07440743	0	2099	0	0	
744	745	APL	ALL	7440745	50	M07440745	0	2799	0	0	
745	741	APL	ALL	7450741	-50	M07450741	0	1399	0	0	
745	742	APL	ALL	7450742	-50	M07450742	0	2099	0	0	
745	743	APL	ALL	7450743	-50	M07450743	0	700	0	0	
745	744	APL	ALL	7450744	-50	M07450744	0	2799	0	0	
751	752	APL	ALL	7510752	-50	M07510752	0	700	0	0	
751	753	APL	ALL	7510753	50	M07510753	0	699	0	0	
751	754	APL	ALL	7510754	-50	M07510754	0	1400	0	0	
751	755	APL	ALL	7510755	50	M07510755	0	1399	0	0	
752	751	APL	ALL	7520751	50	M07520751	0	700	0	0	
752	753	APL	ALL	7520753	50	M07520753	0	1399	0	0	
752	754	APL	ALL	7520754	-50	M07520754	0	700	0	0	
752	755	APL	ALL	7520755	50	M07520755	0	2099	0	0	
753	751	APL	ALL	7530751	-50	M07530751	0	699	0	0	
753	752	APL	ALL	7530752	-50	M07530752	0	1399	0	0	
753	754	APL	ALL	7530754	-50	M07530754	0	2099	0	0	
753	755	APL	ALL	7530755	50	M07530755	0	700	0	0	
754	751	APL	ALL	7540751	50	M07540751	0	1400	0	0	
754	752	APL	ALL	7540752	50	M07540752	0	700	0	0	
754	753	APL	ALL	7540753	50	M07540753	0	2099	0	0	
754	755	APL	ALL	7540755	50	M07540755	0	2799	0	0	
755	751	APL	ALL	7550751	-50	M07550751	0	1399	0	0	
755	752	APL	ALL	7550752	-50	M07550752	0	2099	0	0	
755	753	APL	ALL	7550753	-50	M07550753	0	700	0	0	
755	754	APL	ALL	7550754	-50	M07550754	0	2799	0	0	
761	762	APL	ALL	7610762	-50	M07610762	0	699	0	0	
761	763	APL	ALL	7610763	50	M07610763	0	700	0	0	
761	764	APL	ALL	7610764	-50	M07610764	0	1399	0	0	
761	765	APL	ALL	7610765	50	M07610765	0	1400	0	0	
762	761	APL	ALL	7620761	50	M07620761	0	699	0	0	
762	763	APL	ALL	7620763	50	M07620763	0	1399	0	0	
762	764	APL	ALL	7620764	-50	M07620764	0	700	0	0	
762	765	APL	ALL	7620765	50	M07620765	0	2099	0	0	
763	761	APL	ALL	7630761	-50	M07630761	0	700	0	0	
763	762	APL	ALL	7630762	-50	M07630762	0	1399	0	0	
763	764	APL	ALL	7630764	-50	M07630764	0	2099	0	0	
763	765	APL	ALL	7630765	50	M07630765	0	700	0	0	
764	761	APL	ALL	7640761	50	M07640761	0	1399	0	0	
764	762	APL	ALL	7640762	50	M07640762	0	700	0	0	
764	763	APL	ALL	7640763	50	M07640763	0	2099	0	0	
764	765	APL	ALL	7640765	50	M07640765	0	2799	0	0	
765	761	APL	ALL	7650761	-50	M07650761	0	1400	0	0	
765	762	APL	ALL	7650762	-50	M07650762	0	2099	0	0	
765	763	APL	ALL	7650763	-50	M07650763	0	700	0	0	
765	764	APL	ALL	7650764	-50	M07650764	0	2799	0	0	
771	772	APL	ALL	7710772	-50	M07710772	0	700	0	0	
771	773	APL	ALL	7710773	50	M07710773	0	700	0	0	
771	774	APL	ALL	7710774	-50	M07710774	0	1400	0	0	
771	775	APL	ALL	7710775	50	M07710775	0	1400	0	0	
772	771	APL	ALL	7720771	50	M07720771	0	700	0	0	
772	773	APL	ALL	7720773	50	M07720773	0	1400	0	0	
772	774	APL	ALL	7720774	-50	M07720774	0	700	0	0	
772	775	APL	ALL	7720775	50	M07720775	0	2100	0	0	
773	771	APL	ALL	7730771	-50	M07730771	0	700	0	0	
773	772	APL	ALL	7730772	-50	M07730772	0	1400	0	0	
773	774	APL	ALL	7730774	-50	M07730774	0	2100	0	0	
773	775	APL	ALL	7730775	50	M07730775	0	700	0	0	
774	771	APL	ALL	7740771	50	M07740771	0	1400	0	0	
774	772	APL	ALL	7740772	50	M07740772	0	700	0	0	
774	773	APL	ALL	7740773	50	M07740773	0	2100	0	0	
774	775	APL	ALL	7740775	50	M07740775	0	2800	0	0	
775	771	APL	ALL	7750771	-50	M07750771	0	1400	0	0	
775	772	APL	ALL	7750772	-50	M07750772	0	2100	0	0	
775	773	APL	ALL	7750773	-50	M07750773	0	700	0	0	
775	774	APL	ALL	7750774	-50	M07750774	0	2800	0	0	
781	782	APL	ALL	7810782	-50	M07810782	0	700	0	0	
781	783	APL	ALL	7810783	50	M07810783	0	700	0	0	
781	784	APL	ALL	7810784	-50	M07810784	0	1400	0	0	
781	785	APL	ALL	7810785	50	M07810785	0	1400	0	0	
782	781	APL	ALL	7820781	50	M07820781	0	700	0	0	
782	783	APL	ALL	7820783	50	M07820783	0	1400	0	0	
782	784	APL	ALL	7820784	-50	M07820784	0	700	0	0	
782	785	APL	ALL	7820785	50	M07820785	0	2100	0	0	
783	781	APL	ALL	7830781	-50	M07830781	0	700	0	0	
783	782	APL	ALL	7830782	-50	M07830782	0	1400	0	0	
783	784	APL	ALL	7830784	-50	M07830784	0	2100	0	0	
783	785	APL	ALL	7830785	50	M07830785	0	700	0	0	
784	781	APL	ALL	7840781	50	M07840781	0	1400	0	0	
784	782	APL	ALL	7840782	50	M07840782	0	700	0	0	
784	783	APL	ALL	7840783	50	M07840783	0	2100	0	0	
784	785	APL	ALL	7840785	50	M07840785	0	2800	0	0	
785	781	APL	ALL	7850781	-50	M07850781	0	1400	0	0	
785	782	APL	ALL	7850782	-50	M07850782	0	2100	0	0	
785	783	APL	ALL	7850783	-50	M07850783	0	700	0	0	
785	784	APL	ALL	7850784	-50	M07850784	0	2800	0	0	
791	792	APL	ALL	7910792	-50	M07910792	0	700	0	0	
791	793	APL	ALL	7910793	50	M07910793	0	700	0	0	
791	794	APL	ALL	7910794	-50	M07910794	0	1400	0	0	
791	795	APL	ALL	7910795	50	M07910795	0	1400	0	0	
792	791	APL	ALL	7920791	50	M07920791	0	700	0	0	
792	793	APL	ALL	7920793	50	M07920793	0	1400	0	0	
792	794	APL	ALL	7920794	-50	M07920794	0	700	0	0	
792	795	APL	ALL	7920795	50	M07920795	0	2100	0	0	
793	791	APL	ALL	7930791	-50	M07930791	0	700	0	0	
793	792	APL	ALL	7930792	-50	M07930792	0	1400	0	0	
793	794	APL	ALL	7930794	-50	M07930794	0	2100	0	0	
793	795	APL	ALL	7930795	50	M07930795	0	700	0	0	
794	791	APL	ALL	7940791	50	M07940791	0	1400	0	0	
794	792	APL	ALL	7940792	50	M07940792	0	700	0	0	
794	793	APL	ALL	7940793	50	M07940793	0	2100	0	0	
794	795	APL	ALL	7940795	50	M07940795	0	2800	0	0	
795	791	APL	ALL	7950791	-50	M07950791	0	1400	0	0	
795	792	APL	ALL	7950792	-50	M07950792	0	2100	0	0	
795	793	APL	ALL	7950793	-50	M07950793	0	700	0	0	
795	794	APL	ALL	7950794	-50	M07950794	0	2800	0	0	
801	802	APL	ALL	8010802	-50	M08010802	0	700	0	0	
801	803	APL	ALL	8010803	50	M08010803	0	699	0	0	
801	804	APL	ALL	8010804	-50	M08010804	0	1400	0	0	
801	805	APL	ALL	8010805	50	M08010805	0	1399	0	0	
802	801	APL	ALL	8020801	50	M08020801	0	700	0	0	
802	803	APL	ALL	8020803	50	M08020803	0	1399	0	0	
802	804	APL	ALL	8020804	-50	M08020804	0	700	0	0	
802	805	APL	ALL	8020805	50	M08020805	0	2099	0	0	
803	801	APL	ALL	8030801	-50	M08030801	0	699	0	0	
803	802	APL	ALL	8030802	-50	M08030802	0	1399	0	0	
803	804	APL	ALL	8030804	-50	M08030804	0	2099	0	0	
803	805	APL	ALL	8030805	50	M08030805	0	700	0	0	
804	801	APL	ALL	8040801	50	M08040801	0	1400	0	0	
804	802	APL	ALL	8040802	50	M08040802	0	700	0	0	
804	803	APL	ALL	8040803	50	M08040803	0	2099	0	0	
804	805	APL	ALL	8040805	50	M08040805	0	2799	0	0	
805	801	APL	ALL	8050801	-50	M08050801	0	1399	0	0	
805	802	APL	ALL	8050802	-50	M08050802	0	2099	0	0	
805	803	APL	ALL	8050803	-50	M08050803	0	700	0	0	
805	804	APL	ALL	8050804	-50	M08050804	0	2799	0	0	
811	812	APL	ALL	8110812	-50	M08110812	0	700	0	0	
811	813	APL	ALL	8110813	50	M08110813	0	700	0	0	
811	814	APL	ALL	8110814	-50	M08110814	0	1399	0	0	
811	815	APL	ALL	8110815	50	M08110815	0	1400	0	0	
812	811	APL	ALL	8120811	50	M08120811	0	700	0	0	
812	813	APL	ALL	8120813	50	M08120813	0	1400	0	0	
812	814	APL	ALL	8120814	-50	M08120814	0	699	0	0	
812	815	APL	ALL	8120815	50	M08120815	0	2100	0	0	
813	811	APL	ALL	8130811	-50	M08130811	0	700	0	0	
813	812	APL	ALL	8130812	-50	M08130812	0	1400	0	0	
813	814	APL	ALL	8130814	-50	M08130814	0	2099	0	0	
813	815	APL	ALL	8130815	50	M08130815	0	700	0	0	
814	811	APL	ALL	8140811	50	M08140811	0	1399	0	0	
814	812	APL	ALL	8140812	50	M08140812	0	699	0	0	
814	813	APL	ALL	8140813	50	M08140813	0	2099	0	0	
814	815	APL	ALL	8140815	50	M08140815	0	2799	0	0	
815	811	APL	ALL	8150811	-50	M08150811	0	1400	0	0	
815	812	APL	ALL	8150812	-50	M08150812	0	2100	0	0	
815	813	APL	ALL	8150813	-50	M08150813	0	700	0	0	
815	814	APL	ALL	8150814	-50	M08150814	0	2799	0	0	
821	823	APL	ALL	8210823	50	M08210823	0	700	0	0	
821	824	APL	ALL	8210824	-50	M08210824	0	1399	0	0	
821	825	APL	ALL	8210825	50	M08210825	0	1400	0	0	
2536	2057	AGV	ALL	25362057	500	M25362057	0	6989	30000	0	
823	821	APL	ALL	8230821	-50	M08230821	0	700	0	0	
823	824	APL	ALL	8230824	-50	M08230824	0	2099	0	0	
823	825	APL	ALL	8230825	50	M08230825	0	700	0	0	
824	821	APL	ALL	8240821	50	M08240821	0	1399	0	0	
824	823	APL	ALL	8240823	50	M08240823	0	2099	0	0	
824	825	APL	ALL	8240825	50	M08240825	0	2799	0	0	
825	821	APL	ALL	8250821	-50	M08250821	0	1400	0	0	
825	823	APL	ALL	8250823	-50	M08250823	0	700	0	0	
825	824	APL	ALL	8250824	-50	M08250824	0	2799	0	0	
831	832	APL	ALL	8310832	-50	M08310832	0	699	0	0	
831	833	APL	ALL	8310833	50	M08310833	0	700	0	0	
831	834	APL	ALL	8310834	-50	M08310834	0	1399	0	0	
831	835	APL	ALL	8310835	50	M08310835	0	1400	0	0	
832	831	APL	ALL	8320831	50	M08320831	0	699	0	0	
832	833	APL	ALL	8320833	50	M08320833	0	1399	0	0	
832	834	APL	ALL	8320834	-50	M08320834	0	700	0	0	
832	835	APL	ALL	8320835	50	M08320835	0	2099	0	0	
833	831	APL	ALL	8330831	-50	M08330831	0	700	0	0	
833	832	APL	ALL	8330832	-50	M08330832	0	1399	0	0	
833	834	APL	ALL	8330834	-50	M08330834	0	2099	0	0	
833	835	APL	ALL	8330835	50	M08330835	0	700	0	0	
834	831	APL	ALL	8340831	50	M08340831	0	1399	0	0	
834	832	APL	ALL	8340832	50	M08340832	0	700	0	0	
834	833	APL	ALL	8340833	50	M08340833	0	2099	0	0	
834	835	APL	ALL	8340835	50	M08340835	0	2799	0	0	
835	831	APL	ALL	8350831	-50	M08350831	0	1400	0	0	
835	832	APL	ALL	8350832	-50	M08350832	0	2099	0	0	
835	833	APL	ALL	8350833	-50	M08350833	0	700	0	0	
835	834	APL	ALL	8350834	-50	M08350834	0	2799	0	0	
841	842	APL	ALL	8410842	-50	M08410842	0	700	0	0	
841	843	APL	ALL	8410843	50	M08410843	0	700	0	0	
841	844	APL	ALL	8410844	-50	M08410844	0	1400	0	0	
841	845	APL	ALL	8410845	50	M08410845	0	1399	0	0	
842	841	APL	ALL	8420841	50	M08420841	0	700	0	0	
842	843	APL	ALL	8420843	50	M08420843	0	1400	0	0	
842	844	APL	ALL	8420844	-50	M08420844	0	700	0	0	
842	845	APL	ALL	8420845	50	M08420845	0	2099	0	0	
843	841	APL	ALL	8430841	-50	M08430841	0	700	0	0	
843	842	APL	ALL	8430842	-50	M08430842	0	1400	0	0	
843	844	APL	ALL	8430844	-50	M08430844	0	2100	0	0	
843	845	APL	ALL	8430845	50	M08430845	0	699	0	0	
844	841	APL	ALL	8440841	50	M08440841	0	1400	0	0	
844	842	APL	ALL	8440842	50	M08440842	0	700	0	0	
844	843	APL	ALL	8440843	50	M08440843	0	2100	0	0	
844	845	APL	ALL	8440845	50	M08440845	0	2799	0	0	
845	841	APL	ALL	8450841	-50	M08450841	0	1399	0	0	
845	842	APL	ALL	8450842	-50	M08450842	0	2099	0	0	
845	843	APL	ALL	8450843	-50	M08450843	0	699	0	0	
845	844	APL	ALL	8450844	-50	M08450844	0	2799	0	0	
851	852	APL	ALL	8510852	-50	M08510852	0	700	0	0	
851	853	APL	ALL	8510853	50	M08510853	0	699	0	0	
851	854	APL	ALL	8510854	-50	M08510854	0	1400	0	0	
851	855	APL	ALL	8510855	50	M08510855	0	1399	0	0	
852	851	APL	ALL	8520851	50	M08520851	0	700	0	0	
852	853	APL	ALL	8520853	50	M08520853	0	1399	0	0	
852	854	APL	ALL	8520854	-50	M08520854	0	700	0	0	
852	855	APL	ALL	8520855	50	M08520855	0	2099	0	0	
853	851	APL	ALL	8530851	-50	M08530851	0	699	0	0	
853	852	APL	ALL	8530852	-50	M08530852	0	1399	0	0	
853	854	APL	ALL	8530854	-50	M08530854	0	2099	0	0	
853	855	APL	ALL	8530855	50	M08530855	0	700	0	0	
854	851	APL	ALL	8540851	50	M08540851	0	1400	0	0	
854	852	APL	ALL	8540852	50	M08540852	0	700	0	0	
854	853	APL	ALL	8540853	50	M08540853	0	2099	0	0	
854	855	APL	ALL	8540855	50	M08540855	0	2799	0	0	
855	851	APL	ALL	8550851	-50	M08550851	0	1399	0	0	
855	852	APL	ALL	8550852	-50	M08550852	0	2099	0	0	
855	853	APL	ALL	8550853	-50	M08550853	0	700	0	0	
855	854	APL	ALL	8550854	-50	M08550854	0	2799	0	0	
861	862	APL	ALL	8610862	-50	M08610862	0	700	0	0	
861	863	APL	ALL	8610863	50	M08610863	0	700	0	0	
861	864	APL	ALL	8610864	-50	M08610864	0	1399	0	0	
861	865	APL	ALL	8610865	50	M08610865	0	1400	0	0	
862	861	APL	ALL	8620861	50	M08620861	0	700	0	0	
862	863	APL	ALL	8620863	50	M08620863	0	1400	0	0	
862	864	APL	ALL	8620864	-50	M08620864	0	699	0	0	
862	865	APL	ALL	8620865	50	M08620865	0	2100	0	0	
863	861	APL	ALL	8630861	-50	M08630861	0	700	0	0	
863	862	APL	ALL	8630862	-50	M08630862	0	1400	0	0	
863	864	APL	ALL	8630864	-50	M08630864	0	2099	0	0	
863	865	APL	ALL	8630865	50	M08630865	0	700	0	0	
864	861	APL	ALL	8640861	50	M08640861	0	1399	0	0	
864	862	APL	ALL	8640862	50	M08640862	0	699	0	0	
864	863	APL	ALL	8640863	50	M08640863	0	2099	0	0	
864	865	APL	ALL	8640865	50	M08640865	0	2799	0	0	
865	861	APL	ALL	8650861	-50	M08650861	0	1400	0	0	
865	862	APL	ALL	8650862	-50	M08650862	0	2100	0	0	
865	863	APL	ALL	8650863	-50	M08650863	0	700	0	0	
865	864	APL	ALL	8650864	-50	M08650864	0	2799	0	0	
871	872	APL	ALL	8710872	-50	M08710872	0	700	0	0	
871	873	APL	ALL	8710873	50	M08710873	0	700	0	0	
871	874	APL	ALL	8710874	-50	M08710874	0	1399	0	0	
871	875	APL	ALL	8710875	50	M08710875	0	1400	0	0	
872	871	APL	ALL	8720871	50	M08720871	0	700	0	0	
872	873	APL	ALL	8720873	50	M08720873	0	1400	0	0	
872	874	APL	ALL	8720874	-50	M08720874	0	699	0	0	
872	875	APL	ALL	8720875	50	M08720875	0	2100	0	0	
873	871	APL	ALL	8730871	-50	M08730871	0	700	0	0	
873	872	APL	ALL	8730872	-50	M08730872	0	1400	0	0	
873	874	APL	ALL	8730874	-50	M08730874	0	2099	0	0	
873	875	APL	ALL	8730875	50	M08730875	0	700	0	0	
874	871	APL	ALL	8740871	50	M08740871	0	1399	0	0	
874	872	APL	ALL	8740872	50	M08740872	0	699	0	0	
874	873	APL	ALL	8740873	50	M08740873	0	2099	0	0	
874	875	APL	ALL	8740875	50	M08740875	0	2799	0	0	
875	871	APL	ALL	8750871	-50	M08750871	0	1400	0	0	
875	872	APL	ALL	8750872	-50	M08750872	0	2100	0	0	
875	873	APL	ALL	8750873	-50	M08750873	0	700	0	0	
875	874	APL	ALL	8750874	-50	M08750874	0	2799	0	0	
881	882	APL	ALL	8810882	-50	M08810882	0	700	0	0	
881	883	APL	ALL	8810883	50	M08810883	0	699	0	0	
881	884	APL	ALL	8810884	-50	M08810884	0	1400	0	0	
881	885	APL	ALL	8810885	50	M08810885	0	1399	0	0	
882	881	APL	ALL	8820881	50	M08820881	0	700	0	0	
882	883	APL	ALL	8820883	50	M08820883	0	1399	0	0	
882	884	APL	ALL	8820884	-50	M08820884	0	700	0	0	
882	885	APL	ALL	8820885	50	M08820885	0	2099	0	0	
883	881	APL	ALL	8830881	-50	M08830881	0	699	0	0	
883	882	APL	ALL	8830882	-50	M08830882	0	1399	0	0	
883	884	APL	ALL	8830884	-50	M08830884	0	2099	0	0	
883	885	APL	ALL	8830885	50	M08830885	0	700	0	0	
884	881	APL	ALL	8840881	50	M08840881	0	1400	0	0	
884	882	APL	ALL	8840882	50	M08840882	0	700	0	0	
884	883	APL	ALL	8840883	50	M08840883	0	2099	0	0	
884	885	APL	ALL	8840885	50	M08840885	0	2799	0	0	
885	881	APL	ALL	8850881	-50	M08850881	0	1399	0	0	
885	882	APL	ALL	8850882	-50	M08850882	0	2099	0	0	
885	883	APL	ALL	8850883	-50	M08850883	0	700	0	0	
885	884	APL	ALL	8850884	-50	M08850884	0	2799	0	0	
891	892	APL	ALL	8910892	-50	M08910892	0	700	0	0	
891	893	APL	ALL	8910893	50	M08910893	0	700	0	0	
891	894	APL	ALL	8910894	-50	M08910894	0	1400	0	0	
891	895	APL	ALL	8910895	50	M08910895	0	1400	0	0	
892	891	APL	ALL	8920891	50	M08920891	0	700	0	0	
892	893	APL	ALL	8920893	50	M08920893	0	1400	0	0	
892	894	APL	ALL	8920894	-50	M08920894	0	700	0	0	
892	895	APL	ALL	8920895	50	M08920895	0	2100	0	0	
893	891	APL	ALL	8930891	-50	M08930891	0	700	0	0	
893	892	APL	ALL	8930892	-50	M08930892	0	1400	0	0	
893	894	APL	ALL	8930894	-50	M08930894	0	2100	0	0	
893	895	APL	ALL	8930895	50	M08930895	0	700	0	0	
894	891	APL	ALL	8940891	50	M08940891	0	1400	0	0	
894	892	APL	ALL	8940892	50	M08940892	0	700	0	0	
894	893	APL	ALL	8940893	50	M08940893	0	2100	0	0	
894	895	APL	ALL	8940895	50	M08940895	0	2800	0	0	
895	891	APL	ALL	8950891	-50	M08950891	0	1400	0	0	
895	892	APL	ALL	8950892	-50	M08950892	0	2100	0	0	
895	893	APL	ALL	8950893	-50	M08950893	0	700	0	0	
895	894	APL	ALL	8950894	-50	M08950894	0	2800	0	0	
2002	9002	AGV	ALL	20029002	-500	M20029002	0	3076	0	0	
2010	9300	AGV	ALL	20109300	600	M20109300	0	3419	0	0	
4526	9232	AGV	ALL	45269232	20	M45269232	0	0	0	0	
2027	9112	AGV	ALL	20279112	500	M20279112	0	3405	0	0	
2038	5663	AGV	ALL	20385663	-15	M20385663	0	0	0	0	
2039	5673	AGV	ALL	20395673	-15	M20395673	0	0	0	0	
2040	5683	AGV	ALL	20405683	-15	M20405683	0	0	0	0	
2041	5693	AGV	ALL	20415693	-15	M20415693	0	0	0	0	
2042	5703	AGV	ALL	20425703	-15	M20425703	0	0	0	0	
2045	5713	AGV	ALL	20455713	-15	M20455713	0	0	0	0	
2046	5723	AGV	ALL	20465723	-15	M20465723	0	0	0	0	
2047	5733	AGV	ALL	20475733	-15	M20475733	0	0	0	0	
2048	5743	AGV	ALL	20485743	-15	M20485743	0	0	0	0	
2049	5753	AGV	ALL	20495753	-15	M20495753	0	0	0	0	
2051	5763	AGV	ALL	20515763	-15	M20515763	0	0	0	0	
2052	5773	AGV	ALL	20525773	-15	M20525773	0	0	0	0	
2510	9351	AGV	ALL	25109351	400	M25109351	0	3002	0	0	
2528	9341	AGV	ALL	25289341	500	M25289341	0	3172	0	0	
2769	4300	AGV	ALL	27694300	700	M27694300	0	4092	0	0	
9232	9230	AGV	ALL	92329230	600	M92329230	0	3306	0	0	
3250	3251	AGV	ALL	32503251	1000	M32503251	0	750	0	0	
3251	3252	AGV	ALL	32513252	1000	M32513252	0	1276	0	0	
3252	3253	AGV	ALL	32523253	1000	M32523253	0	3960	0	0	
3252	5782	AGV	ALL	32525782	-20	M32525782	0	0	0	0	
3253	3254	AGV	ALL	32533254	1000	M32533254	0	3994	0	0	
3253	5792	AGV	ALL	32535792	-20	M32535792	0	0	0	0	
3254	3255	AGV	ALL	32543255	1000	M32543255	0	4463	0	0	
3255	3256	AGV	ALL	32553256	1000	M32553256	0	3966	0	0	
3255	5802	AGV	ALL	32555802	-20	M32555802	0	0	0	0	
3256	3257	AGV	ALL	32563257	1000	M32563257	0	3955	0	0	
3256	5812	AGV	ALL	32565812	-20	M32565812	0	0	0	0	
3257	3258	AGV	ALL	32573258	1000	M32573258	0	3950	0	0	
3756	2751	AGV	ALL	37562751	700	M37562751	0	6342	0	0	
3258	3259	AGV	ALL	32583259	1000	M32583259	0	3956	0	0	
3258	5832	AGV	ALL	32585832	-20	M32585832	0	0	0	0	
3259	3260	AGV	ALL	32593260	1000	M32593260	0	3054	0	0	
3259	5842	AGV	ALL	32595842	-20	M32595842	0	0	0	0	
3260	3261	AGV	ALL	32603261	1000	M32603261	0	2867	0	0	
3261	3262	AGV	ALL	32613262	1000	M32613262	0	2536	0	0	
3262	3263	AGV	ALL	32623263	1000	M32623263	0	3953	0	0	
3262	5852	AGV	ALL	32625852	-20	M32625852	0	0	0	0	
3263	3264	AGV	ALL	32633264	1000	M32633264	0	3926	0	0	
3263	5862	AGV	ALL	32635862	-20	M32635862	0	0	0	0	
3264	3265	AGV	ALL	32643265	1000	M32643265	0	3948	0	0	
3264	5872	AGV	ALL	32645872	-20	M32645872	0	0	0	0	
3265	3266	AGV	ALL	32653266	1000	M32653266	0	3963	0	0	
3265	5882	AGV	ALL	32655882	-20	M32655882	0	0	0	0	
3266	3267	AGV	ALL	32663267	1000	M32663267	0	2244	0	0	
3266	5892	AGV	ALL	32665892	-20	M32665892	0	0	0	0	
3267	4508	AGV	ALL	32674508	600	M32674508	0	3709	0	0	
3502	9122	AGV	ALL	35029122	-500	M35029122	0	3721	0	0	
3573	9130	AGV	ALL	35739130	-500	M35739130	0	2236	0	0	
3527	9332	AGV	ALL	35279332	600	M35279332	0	3979	0	0	
4017	2056	AGV	ALL	40172056	600	M40172056	0	6067	0	0	
3757	9502	AGV	ALL	37579502	600	M37579502	0	4643	100000	0	
4003	3250	AGV	ALL	40033250	600	M40033250	0	3367	0	0	
4025	9200	AGV	ALL	40259200	600	M40259200	0	3573	0	0	
4035	7620	AGV	ALL	40357620	-500	M40357620	0	4200	0	0	
4036	9500	AGV	ALL	40369500	-500	M40369500	0	4318	0	0	
4300	3554	AGV	ALL	43003554	700	M43003554	0	3146	0	0	
4522	9210	AGV	ALL	45229210	600	M45229210	0	3677	0	0	
4017	4050	AGV	ALL	40174050	1000	M40174050	0	2099	0	0	
2014	5080	AGV	ALL	20145080	-500	M20145080	0	3734	0	0	
2016	5100	AGV	ALL	20165100	-500	M20165100	0	3920	0	0	
2020	5340	AGV	ALL	20205340	-500	M20205340	0	3773	0	0	
5662	5663	AGV	ALL	56625663	500	M56625663	0	1705	0	0	
5663	2038	AGV	ALL	56632038	15	M56632038	0	0	0	0	
5663	5662	AGV	ALL	56635662	-400	M56635662	0	1705	0	0	
5672	5673	AGV	ALL	56725673	500	M56725673	0	1784	0	0	
5673	2039	AGV	ALL	56732039	15	M56732039	0	0	0	0	
5673	5672	AGV	ALL	56735672	-500	M56735672	0	1784	0	0	
5682	5683	AGV	ALL	56825683	500	M56825683	0	1784	0	0	
5683	2040	AGV	ALL	56832040	15	M56832040	0	0	0	0	
5683	5682	AGV	ALL	56835682	-500	M56835682	0	1784	0	0	
5692	5693	AGV	ALL	56925693	1000	M56925693	0	1784	0	0	
5693	2041	AGV	ALL	56932041	15	M56932041	0	0	0	0	
5693	5692	AGV	ALL	56935692	-500	M56935692	0	1784	0	0	
5702	5703	AGV	ALL	57025703	1000	M57025703	0	1784	0	0	
5703	2042	AGV	ALL	57032042	15	M57032042	0	0	0	0	
5703	5702	AGV	ALL	57035702	-500	M57035702	0	1784	0	0	
5712	5713	AGV	ALL	57125713	1000	M57125713	0	1784	0	0	
5713	2045	AGV	ALL	57132045	20	M57132045	0	0	0	0	
5713	5712	AGV	ALL	57135712	-500	M57135712	0	1784	0	0	
5722	5723	AGV	ALL	57225723	1000	M57225723	0	1784	0	0	
5723	2046	AGV	ALL	57232046	15	M57232046	0	0	0	0	
5723	5722	AGV	ALL	57235722	-500	M57235722	0	1784	0	0	
5732	5733	AGV	ALL	57325733	1000	M57325733	0	1784	0	0	
5733	2047	AGV	ALL	57332047	20	M57332047	0	0	0	0	
5733	5732	AGV	ALL	57335732	-500	M57335732	0	1784	0	0	
5742	5743	AGV	ALL	57425743	1000	M57425743	0	1784	0	0	
5743	2048	AGV	ALL	57432048	15	M57432048	0	0	0	0	
5743	5742	AGV	ALL	57435742	-500	M57435742	0	1784	0	0	
5752	5753	AGV	ALL	57525753	1000	M57525753	0	1784	0	0	
5753	2049	AGV	ALL	57532049	15	M57532049	0	0	0	0	
5753	5752	AGV	ALL	57535752	-500	M57535752	0	1784	0	0	
5762	5763	AGV	ALL	57625763	1000	M57625763	0	1784	0	0	
5763	2051	AGV	ALL	57632051	15	M57632051	0	0	0	0	
5763	5762	AGV	ALL	57635762	-500	M57635762	0	1784	0	0	
5772	5773	AGV	ALL	57725773	1000	M57725773	0	1784	0	0	
5773	2052	AGV	ALL	57732052	15	M57732052	0	0	0	0	
5773	5772	AGV	ALL	57735772	-500	M57735772	0	1784	0	0	
5780	5782	AGV	ALL	57805782	1000	M57805782	0	1815	0	0	
5782	3252	AGV	ALL	57823252	20	M57823252	0	0	0	0	
5782	5780	AGV	ALL	57825780	-500	M57825780	0	1815	0	0	
5790	5792	AGV	ALL	57905792	1000	M57905792	0	1815	0	0	
5792	3253	AGV	ALL	57923253	20	M57923253	0	0	0	0	
5792	5790	AGV	ALL	57925790	-500	M57925790	0	1815	0	0	
5800	5802	AGV	ALL	58005802	1000	M58005802	0	1815	0	0	
5802	3255	AGV	ALL	58023255	20	M58023255	0	0	0	0	
5802	5800	AGV	ALL	58025800	-500	M58025800	0	1815	0	0	
5810	5812	AGV	ALL	58105812	1000	M58105812	0	1815	0	0	
5812	3256	AGV	ALL	58123256	20	M58123256	0	0	0	0	
5812	5810	AGV	ALL	58125810	-500	M58125810	0	1815	0	0	
2005	5020	AGV	ALL	20055020	-500	M20055020	0	3820	0	0	
5830	5832	AGV	ALL	58305832	1000	M58305832	0	1815	0	0	
5832	3258	AGV	ALL	58323258	20	M58323258	0	0	0	0	
5832	5830	AGV	ALL	58325830	-500	M58325830	0	1815	0	0	
5840	5842	AGV	ALL	58405842	1000	M58405842	0	1815	0	0	
5842	3259	AGV	ALL	58423259	20	M58423259	0	0	0	0	
5842	5840	AGV	ALL	58425840	-500	M58425840	0	1815	0	0	
5850	5852	AGV	ALL	58505852	1000	M58505852	0	1828	0	0	
5852	3262	AGV	ALL	58523262	20	M58523262	0	0	0	0	
5852	5850	AGV	ALL	58525850	-500	M58525850	0	1828	0	0	
5860	5862	AGV	ALL	58605862	1000	M58605862	0	1815	0	0	
5862	3263	AGV	ALL	58623263	20	M58623263	0	0	0	0	
5862	5860	AGV	ALL	58625860	-500	M58625860	0	1815	0	0	
5870	5872	AGV	ALL	58705872	1000	M58705872	0	1815	0	0	
5872	3264	AGV	ALL	58723264	20	M58723264	0	0	0	0	
5872	5870	AGV	ALL	58725870	-500	M58725870	0	1815	0	0	
5880	5882	AGV	ALL	58805882	1000	M58805882	0	1815	0	0	
5882	3265	AGV	ALL	58823265	20	M58823265	0	0	0	0	
5882	5880	AGV	ALL	58825880	-500	M58825880	0	1815	0	0	
5890	5892	AGV	ALL	58905892	1000	M58905892	0	1815	0	0	
5892	3266	AGV	ALL	58923266	20	M58923266	0	0	0	0	
5892	5890	AGV	ALL	58925890	-500	M58925890	0	1815	0	0	
2000	2002	AGV	ALL	20002002	1000	M20002002	0	2779	0	0	
2007	5040	AGV	ALL	20075040	-500	M20075040	0	4036	0	0	
7600	3754	AGV	ALL	76003754	600	M76003754	0	4036	0	0	
7600	4201	AGV	ALL	76004201	1000	M76004201	0	3503	0	0	
7600	7601	AGV	ALL	76007601	-500	M76007601	0	1600	0	0	
7601	7600	AGV	ALL	76017600	400	M76017600	0	1600	0	0	
7610	3756	AGV	ALL	76103756	600	M76103756	0	4121	0	0	
7610	4101	AGV	ALL	76104101	1000	M76104101	0	3503	0	0	
7610	7611	AGV	ALL	76107611	-500	M76107611	0	1600	0	0	
7611	7610	AGV	ALL	76117610	400	M76117610	0	1600	0	0	
7620	4035	AGV	ALL	76204035	1000	M76204035	0	4200	0	0	
7620	7621	AGV	ALL	76207621	-500	M76207621	0	1600	0	0	
7621	7620	AGV	ALL	76217620	400	M76217620	0	1600	0	0	
7630	2539	AGV	ALL	76302539	600	M76302539	0	4359	0	0	
7630	7631	AGV	ALL	76307631	-500	M76307631	0	1600	0	0	
7631	7630	AGV	ALL	76317630	1000	M76317630	0	1600	0	0	
7640	2548	AGV	ALL	76402548	600	M76402548	0	4181	0	0	
7640	7641	AGV	ALL	76407641	-500	M76407641	0	1599	0	0	
7641	7640	AGV	ALL	76417640	1000	M76417640	0	1599	0	0	
7650	2555	AGV	ALL	76502555	600	M76502555	0	4822	0	0	
7650	7651	AGV	ALL	76507651	-500	M76507651	0	1900	0	0	
7651	7650	AGV	ALL	76517650	1000	M76517650	0	1900	0	0	
9000	9001	AGV	ALL	90009001	-500	M90009001	0	1369	0	0	
9000	9002	AGV	ALL	90009002	1000	M90009002	0	1572	0	0	
9001	9000	AGV	ALL	90019000	1000	M90019000	0	1369	0	0	
9002	2002	AGV	ALL	90022002	600	M90022002	0	3076	0	0	
9002	9000	AGV	ALL	90029000	-500	M90029000	0	1572	0	0	
2008	2055	AGV	ALL	20082055	1000	M20082055	0	4500	0	0	
9012	9013	AGV	ALL	90129013	1000	M90129013	0	3295	0	0	
9013	9100	AGV	ALL	90139100	600	M90139100	0	3835	0	0	
2026	2056	AGV	ALL	20262056	1000	M20262056	0	2361	0	0	
2033	9320	AGV	ALL	20339320	600	M20339320	0	7863	0	0	
9015	4046	AGV	ALL	90154046	1000	M90154046	0	2700	0	0	
9020	9014	AGV	ALL	90209014	600	M90209014	0	4453	0	0	
9030	9020	AGV	ALL	90309020	1000	M90309020	0	4848	0	0	
9040	9030	AGV	ALL	90409030	1000	M90409030	0	3661	0	0	
9050	9040	AGV	ALL	90509040	1000	M90509040	0	3661	0	0	
9060	9050	AGV	ALL	90609050	1000	M90609050	0	3661	0	0	
9070	9060	AGV	ALL	90709060	1000	M90709060	0	3661	0	0	
9080	9070	AGV	ALL	90809070	1000	M90809070	0	3661	0	0	
9090	9080	AGV	ALL	90909080	1000	M90909080	0	3661	0	0	
9100	9090	AGV	ALL	91009090	1000	M91009090	0	2900	0	0	
9110	9111	AGV	ALL	91109111	500	M91109111	0	2764	0	0	
9111	3031	AGV	ALL	91113031	500	M91113031	0	3483	0	0	
9112	9110	AGV	ALL	91129110	400	M91129110	0	2185	0	0	
9120	9121	AGV	ALL	91209121	600	M91209121	0	1000	0	0	
9121	9120	AGV	ALL	91219120	-500	M91219120	0	1000	0	0	
9121	9122	AGV	ALL	91219122	600	M91219122	0	1132	0	0	
9122	3502	AGV	ALL	91223502	600	M91223502	0	3721	0	0	
9122	9121	AGV	ALL	91229121	-500	M91229121	0	1132	0	0	
9130	9131	AGV	ALL	91309131	-500	M91309131	0	1736	0	0	
2055	2009	AGV	ALL	20552009	1000	M20552009	0	2299	0	0	
9131	9130	AGV	ALL	91319130	1000	M91319130	0	1736	0	0	
2055	4533	AGV	ALL	20554533	600	M20554533	0	3387	0	0	
2056	2027	AGV	ALL	20562027	1000	M20562027	0	1432	0	0	
2508	2009	AGV	ALL	25082009	600	M25082009	0	7911	0	0	
2508	4049	AGV	ALL	25084049	1000	M25084049	0	4302	0	0	
9221	9220	AGV	ALL	92219220	600	M92219220	0	2099	0	0	
2518	4527	AGV	ALL	25184527	600	M25184527	0	6482	0	0	
2526	2056	AGV	ALL	25262056	600	M25262056	0	8473	0	0	
9300	9301	AGV	ALL	93009301	400	M93009301	0	1567	0	0	
9301	9302	AGV	ALL	93019302	500	M93019302	0	3140	0	0	
9302	3047	AGV	ALL	93023047	600	M93023047	0	3709	0	0	
2539	7630	AGV	ALL	25397630	-500	M25397630	0	4359	0	0	
9310	9311	AGV	ALL	93109311	-500	M93109311	0	769	0	0	
9311	9310	AGV	ALL	93119310	400	M93119310	0	769	0	0	
2548	7640	AGV	ALL	25487640	-500	M25487640	0	4181	0	0	
9330	9331	AGV	ALL	93309331	-500	M93309331	0	832	0	0	
9331	9330	AGV	ALL	93319330	400	M93319330	0	832	0	0	
9331	9332	AGV	ALL	93319332	-500	M93319332	0	1023	0	0	
9332	4009	AGV	ALL	93324009	600	M93324009	0	5701	0	0	
9332	9331	AGV	ALL	93329331	1000	M93329331	0	1023	0	0	
9340	9342	AGV	ALL	93409342	500	M93409342	0	2131	0	0	
9341	9340	AGV	ALL	93419340	400	M93419340	0	1953	0	0	
9342	3536	AGV	ALL	93423536	700	M93423536	0	5484	0	0	
9350	9352	AGV	ALL	93509352	500	M93509352	0	3404	0	0	
9351	9350	AGV	ALL	93519350	400	M93519350	0	2145	0	0	
9352	3561	AGV	ALL	93523561	600	M93523561	0	3470	0	0	
9500	4036	AGV	ALL	95004036	600	M95004036	0	4318	0	0	
9500	9501	AGV	ALL	95009501	-500	M95009501	0	5614	0	0	
9501	9500	AGV	ALL	95019500	1000	M95019500	0	5614	0	0	
9502	9503	AGV	ALL	95029503	1000	M95029503	0	5614	0	0	
9503	9501	AGV	ALL	95039501	-20	M95039501	0	0	0	0	
3569	6080	AGV	ALL	35696080	-500	M35696080	0	3720	0	0	
3572	6100	AGV	ALL	35726100	-500	M35726100	0	3729	0	0	
3754	7600	AGV	ALL	37547600	-500	M37547600	0	4036	0	0	
3756	7610	AGV	ALL	37567610	-500	M37567610	0	4121	0	0	
5010	3055	AGV	ALL	50103055	600	M50103055	0	4023	0	0	
5020	2005	AGV	ALL	50202005	600	M50202005	0	3820	0	0	
5030	3053	AGV	ALL	50303053	600	M50303053	0	4018	0	0	
5040	2007	AGV	ALL	50402007	600	M50402007	0	4036	0	0	
5050	3051	AGV	ALL	50503051	600	M50503051	0	4184	0	0	
5060	2012	AGV	ALL	50602012	600	M50602012	0	3887	0	0	
5070	3046	AGV	ALL	50703046	600	M50703046	0	4813	0	0	
5080	2014	AGV	ALL	50802014	600	M50802014	0	3734	0	0	
5090	3044	AGV	ALL	50903044	600	M50903044	0	4770	0	0	
5100	2016	AGV	ALL	51002016	600	M51002016	0	3920	0	0	
5130	3044	AGV	ALL	51303044	700	M51303044	0	4670	0	0	
5140	3046	AGV	ALL	51403046	700	M51403046	0	4699	0	0	
5150	3051	AGV	ALL	51503051	700	M51503051	0	5423	0	0	
5160	3053	AGV	ALL	51603053	700	M51603053	0	5310	0	0	
5170	3055	AGV	ALL	51703055	700	M51703055	0	5391	0	0	
5340	2020	AGV	ALL	53402020	600	M53402020	0	3773	0	0	
5350	3039	AGV	ALL	53503039	600	M53503039	0	4075	0	0	
5360	2022	AGV	ALL	53602022	600	M53602022	0	3747	0	0	
5370	3037	AGV	ALL	53703037	600	M53703037	0	4008	0	0	
5380	2024	AGV	ALL	53802024	600	M53802024	0	3788	0	0	
5390	3035	AGV	ALL	53903035	600	M53903035	0	4015	0	0	
5400	2030	AGV	ALL	54002030	600	M54002030	0	4062	0	0	
5410	3029	AGV	ALL	54103029	600	M54103029	0	4785	0	0	
5420	2032	AGV	ALL	54202032	600	M54202032	0	3754	0	0	
5430	3027	AGV	ALL	54303027	600	M54303027	0	4955	0	0	
5430	5431	AGV	ALL	54305431	-500	M54305431	0	1783	0	0	
5431	5430	AGV	ALL	54315430	1000	M54315430	0	1783	0	0	
5440	2035	AGV	ALL	54402035	600	M54402035	0	3811	0	0	
5450	3025	AGV	ALL	54503025	600	M54503025	0	5115	0	0	
5470	3027	AGV	ALL	54703027	700	M54703027	0	4808	0	0	
5480	3029	AGV	ALL	54803029	700	M54803029	0	4643	0	0	
5490	3035	AGV	ALL	54903035	700	M54903035	0	5132	0	0	
5500	3037	AGV	ALL	55003037	700	M55003037	0	5268	0	0	
5510	3039	AGV	ALL	55103039	700	M55103039	0	5407	0	0	
5820	5822	AGV	ALL	58205822	1000	M58205822	0	1815	0	0	
5822	3257	AGV	ALL	58223257	20	M58223257	0	0	0	0	
5822	5820	AGV	ALL	58225820	-500	M58225820	0	1815	0	0	
6000	3551	AGV	ALL	60003551	600	M60003551	0	3830	0	0	
6010	2517	AGV	ALL	60102517	600	M60102517	0	3868	0	0	
6020	3555	AGV	ALL	60203555	600	M60203555	0	3882	0	0	
6030	2515	AGV	ALL	60302515	600	M60302515	0	3939	0	0	
6040	3558	AGV	ALL	60403558	600	M60403558	0	3600	0	0	
6050	2513	AGV	ALL	60502513	600	M60502513	0	4358	0	0	
6060	3567	AGV	ALL	60603567	600	M60603567	0	3735	0	0	
6070	2507	AGV	ALL	60702507	600	M60702507	0	4406	0	0	
6080	3569	AGV	ALL	60803569	600	M60803569	0	3720	0	0	
6090	2505	AGV	ALL	60902505	600	M60902505	0	4600	0	0	
6100	3572	AGV	ALL	61003572	600	M61003572	0	3729	0	0	
6110	2502	AGV	ALL	61102502	600	M61102502	0	4636	0	0	
6130	2515	AGV	ALL	61302515	600	M61302515	0	5114	0	0	
6140	2513	AGV	ALL	61402513	700	M61402513	0	5847	0	0	
6150	2507	AGV	ALL	61502507	700	M61502507	0	4310	0	0	
6170	2502	AGV	ALL	61702502	700	M61702502	0	4412	0	0	
6340	3529	AGV	ALL	63403529	600	M63403529	0	3760	0	0	
6350	2535	AGV	ALL	63502535	600	M63502535	0	3899	0	0	
6360	3532	AGV	ALL	63603532	600	M63603532	0	4104	0	0	
6370	2533	AGV	ALL	63702533	600	M63702533	0	3882	0	0	
6380	3534	AGV	ALL	63803534	600	M63803534	0	3828	0	0	
6390	2531	AGV	ALL	63902531	600	M63902531	0	4338	0	0	
6400	3540	AGV	ALL	64003540	600	M64003540	0	3810	0	0	
6400	6401	AGV	ALL	64006401	-500	M64006401	0	1788	0	0	
6401	6400	AGV	ALL	64016400	1000	M64016400	0	1788	0	0	
6410	2525	AGV	ALL	64102525	600	M64102525	0	4145	0	0	
6410	6411	AGV	ALL	64106411	-500	M64106411	0	1809	0	0	
6411	6410	AGV	ALL	64116410	1000	M64116410	0	1809	0	0	
6420	3542	AGV	ALL	64203542	600	M64203542	0	3814	0	0	
6430	2523	AGV	ALL	64302523	600	M64302523	0	4349	0	0	
6440	3545	AGV	ALL	64403545	600	M64403545	0	4768	0	0	
6450	2521	AGV	ALL	64502521	600	M64502521	0	4624	0	0	
6470	2533	AGV	ALL	64702533	700	M64702533	0	5022	0	0	
6480	2531	AGV	ALL	64802531	700	M64802531	0	5684	0	0	
6490	2525	AGV	ALL	64902525	700	M64902525	0	4021	0	0	
6500	2523	AGV	ALL	65002523	700	M65002523	0	4256	0	0	
6510	2521	AGV	ALL	65102521	700	M65102521	0	4442	0	0	
6660	3503	AGV	ALL	66603503	600	M66603503	0	3547	0	0	
6670	2553	AGV	ALL	66702553	600	M66702553	0	3769	0	0	
6680	3505	AGV	ALL	66803505	600	M66803505	0	3810	0	0	
6690	2551	AGV	ALL	66902551	600	M66902551	0	3873	0	0	
6700	3507	AGV	ALL	67003507	600	M67003507	0	3433	0	0	
6710	2549	AGV	ALL	67102549	600	M67102549	0	4267	0	0	
6720	3516	AGV	ALL	67203516	600	M67203516	0	3214	0	0	
6730	2543	AGV	ALL	67302543	600	M67302543	0	5223	0	0	
6740	3520	AGV	ALL	67403520	600	M67403520	0	3267	0	0	
6750	2541	AGV	ALL	67502541	600	M67502541	0	4337	0	0	
6760	3524	AGV	ALL	67603524	600	M67603524	0	3194	0	0	
6770	2539	AGV	ALL	67702539	600	M67702539	0	4335	0	0	