LocationName	Operation	NodeNumber	NodeName	X	Y	Heading	Floor	StopType	RestartAllowed	DestinationOnly	GridlockEscapeNodeNumber	DetourNodeNumber	LaneNode	MaxLaneNodeDistance	LaneNodeSpeed	RestartAPlusMacro	ArriveAPlusMacro	DepartAPlusMacro
NULL	NULL	1	N0001	489734	513823	90	0	1	1	0	0	0	0	0	0	 	 	 
NULL	NULL	2	N0002	489734	517823	90	0	1	1	0	0	0	0	0	0	 	 	 
NULL	NULL	3	N0003	489734	521800	90	0	1	1	0	0	0	0	0	0	 	 	 
NULL	NULL	4	N0004	489734	521800	-90	0	1	1	0	0	0	0	0	0	 	 	 
NULL	NULL	5	N0005	489734	517823	-90	0	1	1	0	0	0	0	0	0	 	 	 
NULL	NULL	6	N0006	489734	513823	-90	0	1	1	0	0	0	0	0	0	 	 	 
NULL	NULL	7	N0007	489734	509823	-90	0	1	1	0	0	0	0	0	0	 	 	 
NULL	NULL	8	N0008	489734	506000	-90	0	1	1	0	0	0	0	0	0	 	 	 
NULL	NULL	9	N0009	489734	506000	90	0	1	1	0	0	0	0	0	0	 	 	 
NULL	NULL	10	N0010	489734	509823	90	0	1	1	0	0	0	0	0	0	 	 	 
P40_02_CtrU	Center	601	N0601	545740	506800	0	0	1	1	0	0	0	0	0	0	 	 	 
P40_02_CtrL	Center	601	N0601	545740	506800	0	0	1	1	0	0	0	0	0	0	 	 	 
P40_02_H2	Park	602	N0602	545040	506800	0	0	1	1	0	0	0	0	0	0	 	 	 
P40_02_H1	Park	603	N0603	546440	506800	0	0	1	1	0	0	0	0	0	0	 	 	 
P40_02_R2	Load	604	N0604	544340	506800	0	0	1	1	0	0	0	0	0	0	 	 	 
P40_02_R2	Unload	604	N0604	544340	506800	0	0	1	1	0	0	0	0	0	0	 	 	 
NULL	NULL	605	N0605	547140	506800	0	0	1	1	0	0	0	0	0	0	 	 	 
P40_03_04_CtrL	Center	611	N0611	538646	506817	0	0	1	1	0	0	0	0	0	0	 	 	 
P40_03_04_CtrU	Center	611	N0611	538646	506817	0	0	1	1	0	0	0	0	0	0	 	 	 
P40_04_H2	Park	612	N0612	537946	506817	0	0	1	1	0	0	0	0	0	0	 	 	 
P40_03_H1	Park	613	N0613	539346	506817	0	0	1	1	0	0	0	0	0	0	 	 	 
P40_04_R2	Load	614	N0614	537246	506817	0	0	1	1	0	0	0	0	0	0	 	 	 
P40_04_R2	Unload	614	N0614	537246	506817	0	0	1	1	0	0	0	0	0	0	 	 	 
P40_03_R1	Load	615	N0615	540046	506817	0	0	1	1	0	0	0	0	0	0	 	 	 
P40_03_R1	Unload	615	N0615	540046	506817	0	0	1	1	0	0	0	0	0	0	 	 	 
NULL	NULL	2000	N2000	492559	515750	0	0	1	1	0	0	0	0	0	0	 	 	 
NULL	NULL	2055	N2055	519000	515750	0	0	1	1	0	0	0	0	0	0	 	 	 
NULL	NULL	2002	N2002	495339	515750	0	0	1	1	0	0	0	0	0	0	 	 	 
NULL	NULL	2003	N2003	498200	515750	0	0	1	1	0	0	0	0	0	0	 	 	 
P41_03	PickDecision	2004	N2004	501416	515750	0	0	1	1	0	0	0	0	0	0	 	 	 
P41_03	DropDecision	2004	N2004	501416	515750	0	0	1	1	0	0	0	0	0	0	 	 	 
NULL	NULL	2005	N2005	505000	515750	0	0	1	1	0	0	0	0	0	0	 	 	 
P41_05	PickDecision	2006	N2006	508704	515750	0	0	1	1	0	0	0	0	0	0	 	 	 
P41_05	DropDecision	2006	N2006	508704	515750	0	0	1	1	0	0	0	0	0	0	 	 	 
NULL	NULL	2007	N2007	512445	515750	0	0	1	1	0	0	0	0	0	0	 	 	 
NULL	NULL	2008	N2008	514500	515750	0	0	1	1	0	0	0	0	0	0	 	 	 
NULL	NULL	2009	N2009	521300	515750	0	0	1	1	0	0	0	0	0	0	 	 	 
NULL	NULL	2010	N2010	522675	515750	0	0	1	1	0	2011	0	0	0	0	 	 	 
P41_07	PickDecision	2011	N2011	528178	515750	0	0	1	1	0	0	0	0	0	0	 	 	 
P41_07	DropDecision	2011	N2011	528178	515750	0	0	1	1	0	0	0	0	0	0	 	 	 
NULL	NULL	2012	N2012	533400	515750	0	0	1	1	0	0	0	0	0	0	 	 	 
P41_09	PickDecision	2013	N2013	536518	515750	0	0	1	1	0	0	0	0	0	0	 	 	 
P41_09	DropDecision	2013	N2013	536518	515750	0	0	1	1	0	0	0	0	0	0	 	 	 
NULL	NULL	2014	N2014	540274	515750	0	0	1	1	0	0	0	0	0	0	 	 	 
P41_11	PickDecision	2015	N2015	543962	515750	0	0	1	1	0	0	0	0	0	0	 	 	 
P41_11	DropDecision	2015	N2015	543962	515750	0	0	1	1	0	0	0	0	0	0	 	 	 
NULL	NULL	2016	N2016	547660	515750	0	0	1	1	0	0	0	0	0	0	 	 	 
NULL	NULL	2017	N2017	548581	515750	0	0	1	1	0	0	0	0	0	0	 	 	 
NULL	NULL	2018	N2018	550939	515750	0	0	0	1	0	0	0	0	0	0	 	 	 
NULL	NULL	2019	N2019	554850	515750	0	0	1	1	0	0	0	0	0	0	 	 	 
NULL	NULL	2020	N2020	560113	515750	0	0	1	1	0	0	0	0	0	0	 	 	 
P43_03	PickDecision	2021	N2021	563114	515750	0	0	1	1	0	0	0	0	0	0	 	 	 
P43_03	DropDecision	2021	N2021	563114	515750	0	0	1	1	0	0	0	0	0	0	 	 	 
NULL	NULL	2022	N2022	567194	515750	0	0	1	1	0	2025	0	0	0	0	 	 	 
P43_05	PickDecision	2023	N2023	570851	515750	0	0	1	1	0	0	0	0	0	0	 	 	 
P43_05	DropDecision	2023	N2023	570851	515750	0	0	1	1	0	0	0	0	0	0	 	 	 
NULL	NULL	2024	N2024	574333	515750	0	0	1	1	0	0	0	0	0	0	 	 	 
NULL	NULL	2025	N2025	576500	515750	0	0	1	1	0	0	0	0	0	0	 	 	 
NULL	NULL	2026	N2026	581200	515750	0	0	1	1	0	0	0	0	0	0	 	 	 
NULL	NULL	2027	N2027	584995	515750	0	0	1	1	0	0	0	0	0	0	 	 	 
NULL	NULL	2028	N2028	587833	515750	0	0	1	1	0	0	0	0	0	0	 	 	 
P43_07	PickDecision	2029	N2029	591695	515750	0	0	1	1	0	0	0	0	0	0	 	 	 
P43_07	DropDecision	2029	N2029	591695	515750	0	0	1	1	0	0	0	0	0	0	 	 	 
NULL	NULL	2030	N2030	595900	515750	0	0	1	1	0	0	0	0	0	0	 	 	 
P43_09	PickDecision	2031	N2031	599240	515750	0	0	1	1	0	0	0	0	0	0	 	 	 
P43_09	DropDecision	2031	N2031	599240	515750	0	0	1	1	0	0	0	0	0	0	 	 	 
NULL	NULL	2032	N2032	602574	515750	0	0	1	1	0	2036	0	0	0	0	 	 	 
LaneGrpDecPress01	DropDecision	2033	N2033	605942	515750	0	0	1	1	0	0	0	0	0	0	 	 	 
P43_11	PickDecision	2033	N2033	605942	515750	0	0	1	1	0	0	0	0	0	0	 	 	 
P43_11	DropDecision	2033	N2033	605942	515750	0	0	1	1	0	0	0	0	0	0	 	 	 
NULL	NULL	2034	N2034	608030	515750	0	0	1	1	0	0	0	0	0	0	 	 	 
LaneGrpDecision3	DropDecision	2035	N2035	609785	515750	0	0	1	1	0	0	0	0	0	0	 	 	 
NULL	NULL	2036	N2036	610900	515750	0	0	0	1	0	0	0	0	0	0	 	 	 
P45_01	PickDecision	2037	N2037	615888	515945	0	0	1	1	0	0	0	0	0	0	 	 	 
P45_01	DropDecision	2037	N2037	615888	515945	0	0	1	1	0	0	0	0	0	0	 	 	 
NULL	NULL	2038	N2038	618182	515945	0	0	1	1	0	0	0	0	0	0	 	 	 
NULL	NULL	2039	N2039	622147	515945	0	0	1	1	0	0	0	0	0	0	 	 	 
NULL	NULL	2040	N2040	626085	515945	0	0	1	1	0	0	0	0	0	0	 	 	 
NULL	NULL	2041	N2041	630035	515945	0	0	1	1	0	0	0	0	0	0	 	 	 
NULL	NULL	2042	N2042	633985	515945	0	0	1	1	0	0	0	0	0	0	 	 	 
NULL	NULL	2043	N2043	635802	515945	0	0	1	1	0	0	0	0	0	0	 	 	 
NULL	NULL	2044	N2044	639000	515945	0	0	1	1	0	0	0	0	0	0	 	 	 
NULL	NULL	2045	N2045	642463	515945	0	0	1	1	0	0	0	0	0	0	 	 	 
NULL	NULL	2046	N2046	646394	515945	0	0	1	1	0	0	0	0	0	0	 	 	 
NULL	NULL	2047	N2047	650362	515945	0	0	1	1	0	0	0	0	0	0	 	 	 
NULL	NULL	2048	N2048	654287	515945	0	0	1	1	0	0	0	0	0	0	 	 	 
NULL	NULL	2049	N2049	658262	515945	0	0	1	1	0	0	0	0	0	0	 	 	 
NULL	NULL	2050	N2050	662247	515945	0	0	1	1	0	0	0	0	0	0	 	 	 
NULL	NULL	2051	N2051	666740	515945	0	0	1	1	0	0	0	0	0	0	 	 	 
NULL	NULL	2052	N2052	670680	515945	0	0	1	1	0	0	0	0	0	0	 	 	 
NULL	NULL	2053	N2053	673541	515945	0	0	1	1	0	0	0	0	0	0	 	 	 
NULL	NULL	2054	N2054	674327	515945	0	0	1	1	0	0	0	0	0	0	 	 	 
NULL	NULL	2500	N2500	492000	511556	0	0	1	1	0	0	0	0	0	0	 	 	 
P40_11	PickDecision	2501	N2501	493500	511556	0	0	1	1	0	0	0	0	0	0	 	 	 
P40_11	DropDecision	2501	N2501	493500	511556	0	0	1	1	0	0	0	0	0	0	 	 	 
CORE_40_11	DropDecision	2501	N2501	493500	511556	0	0	1	1	0	0	0	0	0	0	 	 	 
CORE_40_11	PickDecision	2501	N2501	493500	511556	0	0	1	1	0	0	0	0	0	0	 	 	 
PressLoopDecision_P40_7_11	LoopDecision	2502	N2502	498922	511556	0	0	1	1	0	4535	0	0	0	0	 	 	 
P40_09	PickDecision	2503	N2503	501021	511556	0	0	1	1	0	4535	0	0	0	0	 	 	 
P40_09	DropDecision	2503	N2503	501021	511556	0	0	1	1	0	4535	0	0	0	0	 	 	 
WASTE_40_10	PickDecision	2503	N2503	501021	511556	0	0	1	1	0	4535	0	0	0	0	 	 	 
WASTE_40_10	DropDecision	2503	N2503	501021	511556	0	0	1	1	0	4535	0	0	0	0	 	 	 
NULL	NULL	2504	N2504	503260	511556	0	0	1	1	0	4535	0	0	0	0	 	 	 
NULL	NULL	2505	N2505	506000	511556	0	0	1	1	0	4535	0	0	0	0	 	 	 
P40_07	PickDecision	2506	N2506	509311	511556	0	0	1	1	0	4535	0	0	0	0	 	 	 
P40_07	DropDecision	2506	N2506	509311	511556	0	0	1	1	0	4535	0	0	0	0	 	 	 
CORE_40_8	PickDecision	2506	N2506	509311	511556	0	0	1	1	0	4535	0	0	0	0	 	 	 
CORE_40_8	DropDecision	2506	N2506	509311	511556	0	0	1	1	0	4535	0	0	0	0	 	 	 
NULL	NULL	2507	N2507	512870	511556	0	0	1	1	0	4535	0	0	0	0	 	 	 
NULL	NULL	2508	N2508	515648	511556	0	0	1	1	0	0	0	0	0	0	 	 	 
NULL	NULL	2509	N2509	519195	511556	0	0	1	1	0	0	0	0	0	0	 	 	 
NULL	NULL	2510	N2510	522696	511556	0	0	1	1	0	2511	0	0	0	0	 	 	 
NULL	NULL	2511	N2511	527099	511556	0	0	1	1	0	0	0	0	0	0	 	 	 
P40_05	PickDecision	2512	N2512	530505	511556	0	0	1	1	0	4528	0	0	0	0	 	 	 
P40_05	DropDecision	2512	N2512	530505	511556	0	0	1	1	0	4528	0	0	0	0	 	 	 
WASTE_40_5	PickDecision	2513	N2513	534000	511556	0	0	1	1	0	4528	0	0	0	0	 	 	 
WASTE_40_5	DropDecision	2513	N2513	534000	511556	0	0	1	1	0	4528	0	0	0	0	 	 	 
P40_03	PickDecision	2514	N2514	536812	511556	0	0	1	1	0	4528	0	0	0	0	 	 	 
P40_03	DropDecision	2514	N2514	536812	511556	0	0	1	1	0	4528	0	0	0	0	 	 	 
PressLoopDecision_P40_2_6	LoopDecision	2515	N2515	540500	511556	0	0	1	1	0	4528	0	0	0	0	 	 	 
CORE_40_3	PickDecision	2515	N2515	540500	511556	0	0	1	1	0	4528	0	0	0	0	 	 	 
CORE_40_3	DropDecision	2515	N2515	540500	511556	0	0	1	1	0	4528	0	0	0	0	 	 	 
NULL	NULL	2516	N2516	543987	511556	0	0	1	1	0	4528	0	0	0	0	 	 	 
NULL	NULL	2517	N2517	547500	511556	0	0	1	1	0	4528	0	0	0	0	 	 	 
WASTE_40_2	PickDecision	2518	N2518	550100	511556	0	0	0	1	0	0	0	0	0	0	 	 	 
WASTE_40_2	DropDecision	2518	N2518	550100	511556	0	0	0	1	0	0	0	0	0	0	 	 	 
NULL	NULL	2519	N2519	555000	511556	0	0	1	1	0	0	0	0	0	0	 	 	 
CORE_42_11	PickDecision	2520	N2520	557749	511556	0	0	1	1	0	4520	0	0	0	0	 	 	 
CORE_42_11	DropDecision	2520	N2520	557749	511556	0	0	1	1	0	4520	0	0	0	0	 	 	 
P42_11	PickDecision	2520	N2520	557749	511556	0	0	1	1	0	4520	0	0	0	0	 	 	 
P42_11	DropDecision	2520	N2520	557749	511556	0	0	1	1	0	4520	0	0	0	0	 	 	 
NULL	NULL	2521	N2521	561200	511556	0	0	1	1	0	4520	0	0	0	0	 	 	 
PressLoopDecision_P42_7_11	LoopDecision	2522	N2522	564560	511556	0	0	1	1	0	4520	0	0	0	0	 	 	 
P42_09	PickDecision	2522	N2522	564560	511556	0	0	1	1	0	4520	0	0	0	0	 	 	 
P42_09	DropDecision	2522	N2522	564560	511556	0	0	1	1	0	4520	0	0	0	0	 	 	 
WASTE_42_10	PickDecision	2522	N2522	564560	511556	0	0	1	1	0	4520	0	0	0	0	 	 	 
WASTE_42_10	DropDecision	2522	N2522	564560	511556	0	0	1	1	0	4520	0	0	0	0	 	 	 
NULL	NULL	2523	N2523	567966	511556	0	0	1	1	0	4520	0	0	0	0	 	 	 
CORE_42_8	PickDecision	2524	N2524	571372	511556	0	0	1	1	0	4520	0	0	0	0	 	 	 
CORE_42_8	DropDecision	2524	N2524	571372	511556	0	0	1	1	0	4520	0	0	0	0	 	 	 
P42_07	PickDecision	2524	N2524	571372	511556	0	0	1	1	0	4520	0	0	0	0	 	 	 
P42_07	DropDecision	2524	N2524	571372	511556	0	0	1	1	0	4520	0	0	0	0	 	 	 
NULL	NULL	2525	N2525	574777	511556	0	0	1	1	0	4520	0	0	0	0	 	 	 
NULL	NULL	2526	N2526	577100	511556	0	0	0	1	0	0	0	0	0	0	 	 	 
NULL	NULL	2527	N2527	581469	511556	0	0	1	1	0	0	0	0	0	0	 	 	 
NULL	NULL	2528	N2528	584994	511556	0	0	1	1	0	0	0	0	0	0	 	 	 
NULL	NULL	2529	N2529	588399	511556	0	0	1	1	0	0	0	0	0	0	 	 	 
P42_05	PickDecision	2530	N2530	591805	511556	0	0	1	1	0	4513	0	0	0	0	 	 	 
P42_05	DropDecision	2530	N2530	591805	511556	0	0	1	1	0	4513	0	0	0	0	 	 	 
WASTE_42_5	PickDecision	2530	N2530	591805	511556	0	0	1	1	0	4513	0	0	0	0	 	 	 
WASTE_42_5	DropDecision	2530	N2530	591805	511556	0	0	1	1	0	4513	0	0	0	0	 	 	 
PressLoopDecision_P42_2_6	LoopDecision	2531	N2531	596200	511556	0	0	1	1	0	4513	0	0	0	0	 	 	 
CORE_42_3	PickDecision	2532	N2532	598616	511556	0	0	1	1	0	4513	0	0	0	0	 	 	 
CORE_42_3	DropDecision	2532	N2532	598616	511556	0	0	1	1	0	4513	0	0	0	0	 	 	 
P42_03	PickDecision	2532	N2532	598616	511556	0	0	1	1	0	4513	0	0	0	0	 	 	 
P42_03	DropDecision	2532	N2532	598616	511556	0	0	1	1	0	4513	0	0	0	0	 	 	 
NULL	NULL	2533	N2533	602665	511556	0	0	1	1	0	4513	0	0	0	0	 	 	 
LaneGrpDecPress02	DropDecision	2534	N2534	605427	511556	0	0	1	1	0	4513	0	0	0	0	 	 	 
WASTE_42_2	PickDecision	2534	N2534	605427	511556	0	0	1	1	0	4513	0	0	0	0	 	 	 
WASTE_42_2	DropDecision	2534	N2534	605427	511556	0	0	1	1	0	4513	0	0	0	0	 	 	 
NULL	NULL	2535	N2535	609874	511556	0	0	1	1	0	4513	0	0	0	0	 	 	 
NULL	NULL	2536	N2536	611000	511556	0	0	0	1	0	4513	0	0	0	0	 	 	 
NULL	NULL	2537	N2537	615644	511556	0	0	1	1	0	0	0	0	0	0	 	 	 
CORE_44_11	PickDecision	2538	N2538	619049	511556	0	0	1	1	0	4506	0	0	0	0	 	 	 
CORE_44_11	DropDecision	2538	N2538	619049	511556	0	0	1	1	0	4506	0	0	0	0	 	 	 
P44_11	PickDecision	2538	N2538	619049	511556	0	0	1	1	0	4506	0	0	0	0	 	 	 
P44_11	DropDecision	2538	N2538	619049	511556	0	0	1	1	0	4506	0	0	0	0	 	 	 
NULL	NULL	2539	N2539	623065	511556	0	0	1	1	0	4506	0	0	0	0	 	 	 
WASTE_44_10	PickDecision	2540	N2540	625861	511556	0	0	1	1	0	4506	0	0	0	0	 	 	 
WASTE_44_10	DropDecision	2540	N2540	625861	511556	0	0	1	1	0	4506	0	0	0	0	 	 	 
P44_09	PickDecision	2540	N2540	625861	511556	0	0	1	1	0	4506	0	0	0	0	 	 	 
P44_09	DropDecision	2540	N2540	625861	511556	0	0	1	1	0	4506	0	0	0	0	 	 	 
PressLoopDecision_P44_7_11	LoopDecision	2541	N2541	630184	511556	0	0	1	1	0	4506	0	0	0	0	 	 	 
CORE_44_8	PickDecision	2542	N2542	632672	511556	0	0	1	1	0	4506	0	0	0	0	 	 	 
CORE_44_8	DropDecision	2542	N2542	632672	511556	0	0	1	1	0	4506	0	0	0	0	 	 	 
P44_07	PickDecision	2542	N2542	632672	511556	0	0	1	1	0	4506	0	0	0	0	 	 	 
P44_07	DropDecision	2542	N2542	632672	511556	0	0	1	1	0	4506	0	0	0	0	 	 	 
NULL	NULL	2543	N2543	638260	511556	0	0	1	1	0	4506	0	0	0	0	 	 	 
NULL	NULL	2544	N2544	639483	511556	0	0	1	1	0	0	0	0	0	0	 	 	 
NULL	NULL	2545	N2545	643389	511556	0	0	1	1	0	0	0	0	0	0	 	 	 
NULL	NULL	2546	N2546	644853	511556	0	0	1	1	0	0	0	0	0	0	 	 	 
NULL	NULL	2547	N2547	649699	511556	0	0	1	1	0	0	0	0	0	0	 	 	 
WASTE_44_5	PickDecision	2548	N2548	653400	511556	0	0	1	1	0	4501	0	0	0	0	 	 	 
WASTE_44_5	DropDecision	2548	N2548	653400	511556	0	0	1	1	0	4501	0	0	0	0	 	 	 
P44_05	PickDecision	2548	N2548	653400	511556	0	0	1	1	0	4501	0	0	0	0	 	 	 
P44_05	DropDecision	2548	N2548	653400	511556	0	0	1	1	0	4501	0	0	0	0	 	 	 
NULL	NULL	2549	N2549	658351	511556	0	0	1	1	0	4501	0	0	0	0	 	 	 
CORE_44_3	PickDecision	2550	N2550	661141	511556	0	0	1	1	0	4501	0	0	0	0	 	 	 
CORE_44_3	DropDecision	2550	N2550	661141	511556	0	0	1	1	0	4501	0	0	0	0	 	 	 
P44_03	PickDecision	2550	N2550	661141	511556	0	0	1	1	0	4501	0	0	0	0	 	 	 
P44_03	DropDecision	2550	N2550	661141	511556	0	0	1	1	0	4501	0	0	0	0	 	 	 
PressLoopDecision_P44_2_6	LoopDecision	2551	N2551	664903	511556	0	0	1	1	0	4501	0	0	0	0	 	 	 
WASTE_44_2	PickDecision	2552	N2552	668546	511556	0	0	1	1	0	4501	0	0	0	0	 	 	 
WASTE_44_2	DropDecision	2552	N2552	668546	511556	0	0	1	1	0	4501	0	0	0	0	 	 	 
NULL	NULL	2553	N2553	671930	511556	0	0	1	1	0	4501	0	0	0	0	 	 	 
NULL	NULL	2554	N2554	674000	511556	0	0	1	1	0	0	0	0	0	0	 	 	 
NULL	NULL	2555	N2555	674469	511556	0	0	1	1	0	0	0	0	0	0	 	 	 
NULL	NULL	2750	N2750	492700	498550	0	0	1	1	0	0	0	0	0	0	 	 	 
NULL	NULL	2751	N2751	494483	498550	0	0	1	1	0	0	0	0	0	0	 	 	 
NULL	NULL	2752	N2752	497992	498550	0	0	1	1	0	0	0	0	0	0	 	 	 
NULL	NULL	2753	N2753	500507	498550	0	0	1	1	0	0	0	0	0	0	 	 	 
NULL	NULL	2754	N2754	503894	498550	0	0	1	1	0	0	0	0	0	0	 	 	 
LaneGrpDecision2	DropDecision	2755	N2755	506395	498550	0	0	1	1	0	0	0	0	0	0	 	 	 
NULL	NULL	2756	N2756	509471	498550	0	0	0	1	0	0	0	0	0	0	 	 	 
NULL	NULL	2757	N2757	513400	498550	0	0	1	1	0	2760	0	0	0	0	 	 	 
NULL	NULL	2758	N2758	516371	498550	0	0	1	1	0	2759	0	0	0	0	 	 	 
NULL	NULL	2759	N2759	518259	498550	0	0	0	1	0	2760	0	0	0	0	 	 	 
NULL	NULL	2760	N2760	520147	498550	0	0	1	1	0	2761	0	0	0	0	 	 	 
NULL	NULL	2761	N2761	522025	498550	0	0	1	1	0	2762	0	0	0	0	 	 	 
NULL	NULL	2762	N2762	523905	498550	0	0	1	1	0	2763	0	0	0	0	 	 	 
NULL	NULL	2763	N2763	525785	498550	0	0	1	1	0	2780	0	0	0	0	 	 	 
NULL	NULL	2764	N2764	527671	498550	0	0	1	1	0	2765	0	0	0	0	 	 	 
NULL	NULL	2765	N2765	529531	498550	0	0	0	1	0	2766	0	0	0	0	 	 	 
NULL	NULL	2766	N2766	531419	498550	0	0	1	1	0	2769	0	0	0	0	 	 	 
NULL	NULL	2767	N2767	533296	498550	0	0	0	1	0	2780	0	0	0	0	 	 	 
NULL	NULL	2768	N2768	535182	498550	0	0	1	1	0	2780	0	0	0	0	 	 	 
NULL	NULL	2769	N2769	537070	498550	0	0	0	1	0	2780	0	0	0	0	 	 	 
NULL	NULL	2770	N2770	538925	498550	0	0	1	1	0	2771	0	0	0	0	 	 	 
NULL	NULL	2771	N2771	540817	498550	0	0	1	1	0	2772	0	0	0	0	 	 	 
NULL	NULL	2772	N2772	542705	498550	0	0	1	1	0	2773	0	0	0	0	 	 	 
NULL	NULL	2773	N2773	544586	498550	0	0	1	1	0	2774	0	0	0	0	 	 	 
NULL	NULL	2774	N2774	546474	498550	0	0	1	1	0	2775	0	0	0	0	 	 	 
NULL	NULL	2775	N2775	549242	498550	0	0	1	1	0	2776	0	0	0	0	 	 	 
NULL	NULL	2776	N2776	551118	498550	0	0	1	1	0	2777	0	0	0	0	 	 	 
NULL	NULL	2777	N2777	552984	498550	0	0	1	1	0	2780	0	0	0	0	 	 	 
NULL	NULL	2778	N2778	554873	498550	0	0	1	1	0	2779	0	0	0	0	 	 	 
NULL	NULL	2779	N2779	556746	498550	0	0	1	1	0	2780	0	0	0	0	 	 	 
NULL	NULL	2780	N2780	558629	498550	0	0	0	1	0	0	0	0	0	0	 	 	 
NULL	NULL	2781	N2781	560500	498550	0	0	0	1	0	0	0	0	0	0	 	 	 
NULL	NULL	3000	N3000	672400	525550	180	0	1	1	0	0	0	0	0	0	 	 	 
NULL	NULL	3001	N3001	670159	525550	180	0	1	1	0	0	0	0	0	0	 	 	 
NULL	NULL	3002	N3002	668186	525550	180	0	1	1	0	0	0	0	0	0	 	 	 
NULL	NULL	3003	N3003	664213	525550	180	0	1	1	0	0	0	0	0	0	 	 	 
NULL	NULL	3004	N3004	660240	525550	180	0	1	1	0	0	0	0	0	0	 	 	 
NULL	NULL	3005	N3005	656267	525550	180	0	1	1	0	0	0	0	0	0	 	 	 
NULL	NULL	3006	N3006	653432	525550	180	0	1	1	0	3007	0	0	0	0	 	 	 
NULL	NULL	3007	N3007	650394	525550	180	0	1	1	0	3008	0	0	0	0	 	 	 
NULL	NULL	3008	N3008	648511	525550	180	0	1	1	0	3009	0	0	0	0	 	 	 
NULL	NULL	3009	N3009	646631	525550	180	0	1	1	0	3010	0	0	0	0	 	 	 
NULL	NULL	3010	N3010	644291	525550	180	0	1	1	0	3011	0	0	0	0	 	 	 
NULL	NULL	3011	N3011	642417	525550	180	0	1	1	0	3012	0	0	0	0	 	 	 
NULL	NULL	3012	N3012	639913	525550	180	0	1	1	0	3013	0	0	0	0	 	 	 
PressLoopDecision_P45	LoopDecision	3013	N3013	637930	525550	180	0	1	1	0	3014	0	0	0	0	 	 	 
NULL	NULL	3014	N3014	636062	525550	180	0	1	1	0	3015	0	0	0	0	 	 	 
NULL	NULL	3015	N3015	634188	525550	180	0	1	1	0	3016	0	0	0	0	 	 	 
NULL	NULL	3016	N3016	631858	525550	180	0	1	1	0	3017	0	0	0	0	 	 	 
Park_P45_3	Park	3017	N3017	629969	525550	180	0	1	1	0	3018	0	0	0	0	 	 	 
NULL	NULL	3018	N3018	628083	525550	180	0	1	1	0	3019	0	0	0	0	 	 	 
Park_P45_2	Park	3019	N3019	625418	525550	180	0	1	1	0	3022	0	0	0	0	 	 	 
NULL	NULL	3020	N3020	621623	525550	180	0	1	1	0	0	0	0	0	0	 	 	 
Park_P45_1	Park	3021	N3021	618207	525550	180	0	1	1	0	0	0	0	0	0	 	 	 
NULL	NULL	3022	N3022	615990	525550	180	0	0	1	0	0	0	0	0	0	 	 	 
NULL	NULL	3023	N3023	611000	525270	180	0	1	1	0	0	0	0	0	0	 	 	 
WASTE_43_11	PickDecision	3024	N3024	608636	525270	180	0	1	1	0	3030	0	0	0	0	 	 	 
WASTE_43_11	DropDecision	3024	N3024	608636	525270	180	0	1	1	0	3030	0	0	0	0	 	 	 
CORE_43_10	PickDecision	3025	N3025	604795	525270	180	0	1	1	0	3030	0	0	0	0	 	 	 
CORE_43_10	DropDecision	3025	N3025	604795	525270	180	0	1	1	0	3030	0	0	0	0	 	 	 
PressLoopDecision_P43_7_11	LoopDecision	3026	N3026	601205	525270	180	0	1	1	0	3030	0	0	0	0	 	 	 
P43_10	PickDecision	3026	N3026	601205	525270	180	0	1	1	0	3030	0	0	0	0	 	 	 
P43_10	DropDecision	3026	N3026	601205	525270	180	0	1	1	0	3030	0	0	0	0	 	 	 
NULL	NULL	3027	N3027	597856	525270	180	0	1	1	0	3030	0	0	0	0	 	 	 
WASTE_43_8	PickDecision	3028	N3028	595128	525270	180	0	1	1	0	3030	0	0	0	0	 	 	 
WASTE_43_8	DropDecision	3028	N3028	595128	525270	180	0	1	1	0	3030	0	0	0	0	 	 	 
P43_08	PickDecision	3028	N3028	595128	525270	180	0	1	1	0	3030	0	0	0	0	 	 	 
P43_08	DropDecision	3028	N3028	595128	525270	180	0	1	1	0	3030	0	0	0	0	 	 	 
NULL	NULL	3029	N3029	590930	525270	180	0	1	1	0	3030	0	0	0	0	 	 	 
NULL	NULL	3030	N3030	588147	525270	180	0	1	1	0	0	0	0	0	0	 	 	 
NULL	NULL	3031	N3031	584988	525270	180	0	1	1	0	0	0	0	0	0	 	 	 
NULL	NULL	3032	N3032	581583	525270	180	0	1	1	0	0	0	0	0	0	 	 	 
NULL	NULL	3033	N3033	576400	525270	180	0	1	1	0	0	0	0	0	0	 	 	 
CORE_43_5	PickDecision	3034	N3034	574413	525270	180	0	1	1	0	3040	0	0	0	0	 	 	 
CORE_43_5	DropDecision	3034	N3034	574413	525270	180	0	1	1	0	3040	0	0	0	0	 	 	 
P43_06	PickDecision	3034	N3034	574413	525270	180	0	1	1	0	3040	0	0	0	0	 	 	 
P43_06	DropDecision	3034	N3034	574413	525270	180	0	1	1	0	3040	0	0	0	0	 	 	 
NULL	NULL	3035	N3035	570817	525270	180	0	1	1	0	3040	0	0	0	0	 	 	 
WASTE_43_3	PickDecision	3036	N3036	567268	525270	180	0	1	1	0	3040	0	0	0	0	 	 	 
WASTE_43_3	DropDecision	3036	N3036	567268	525270	180	0	1	1	0	3040	0	0	0	0	 	 	 
P43_04	PickDecision	3036	N3036	567268	525270	180	0	1	1	0	3040	0	0	0	0	 	 	 
P43_04	DropDecision	3036	N3036	567268	525270	180	0	1	1	0	3040	0	0	0	0	 	 	 
PressLoopDecision_P43_2_6	LoopDecision	3037	N3037	563718	525270	180	0	1	1	0	3040	0	0	0	0	 	 	 
CORE_43_2	PickDecision	3038	N3038	560110	525270	180	0	1	1	0	3040	0	0	0	0	 	 	 
CORE_43_2	DropDecision	3038	N3038	560110	525270	180	0	1	1	0	3040	0	0	0	0	 	 	 
P43_02	PickDecision	3038	N3038	560110	525270	180	0	1	1	0	3040	0	0	0	0	 	 	 
P43_02	DropDecision	3038	N3038	560110	525270	180	0	1	1	0	3040	0	0	0	0	 	 	 
NULL	NULL	3039	N3039	556502	525270	180	0	1	1	0	3040	0	0	0	0	 	 	 
NULL	NULL	3040	N3040	555023	525270	180	0	1	1	0	0	0	0	0	0	 	 	 
WASTE_41_11	PickDecision	3041	N3041	548833	525270	180	0	1	1	0	3047	0	0	0	0	 	 	 
WASTE_41_11	DropDecision	3041	N3041	548833	525270	180	0	1	1	0	3047	0	0	0	0	 	 	 
NULL	NULL	3042	N3042	542769	525270	180	0	1	1	0	3047	0	0	0	0	 	 	 
PressLoopDecision_P41_7_11	LoopDecision	3043	N3043	539268	525270	180	0	1	1	0	3047	0	0	0	0	 	 	 
CORE_41_10	PickDecision	3043	N3043	539268	525270	180	0	1	1	0	3047	0	0	0	0	 	 	 
CORE_41_10	DropDecision	3043	N3043	539268	525270	180	0	1	1	0	3047	0	0	0	0	 	 	 
P41_10	PickDecision	3043	N3043	539268	525270	180	0	1	1	0	3047	0	0	0	0	 	 	 
P41_10	DropDecision	3043	N3043	539268	525270	180	0	1	1	0	3047	0	0	0	0	 	 	 
WASTE_41_8	PickDecision	3044	N3044	535768	525270	180	0	1	1	0	3047	0	0	0	0	 	 	 
WASTE_41_8	DropDecision	3044	N3044	535768	525270	180	0	1	1	0	3047	0	0	0	0	 	 	 
P41_08	PickDecision	3045	N3045	532197	525270	180	0	1	1	0	3047	0	0	0	0	 	 	 
P41_08	DropDecision	3045	N3045	532197	525270	180	0	1	1	0	3047	0	0	0	0	 	 	 
NULL	NULL	3046	N3046	528626	525270	180	0	1	1	0	3047	0	0	0	0	 	 	 
NULL	NULL	3047	N3047	522714	525270	180	0	1	1	0	3048	0	0	0	0	 	 	 
NULL	NULL	3048	N3048	519206	525270	180	0	1	1	0	0	0	0	0	0	 	 	 
NULL	NULL	3049	N3049	515121	525270	180	0	1	1	0	0	0	0	0	0	 	 	 
CORE_41_5	PickDecision	3050	N3050	512136	525270	180	0	1	1	0	3056	0	0	0	0	 	 	 
CORE_41_5	DropDecision	3050	N3050	512136	525270	180	0	1	1	0	3056	0	0	0	0	 	 	 
P41_06	PickDecision	3050	N3050	512136	525270	180	0	1	1	0	3056	0	0	0	0	 	 	 
P41_06	DropDecision	3050	N3050	512136	525270	180	0	1	1	0	3056	0	0	0	0	 	 	 
NULL	NULL	3051	N3051	508325	525270	180	0	1	1	0	3056	0	0	0	0	 	 	 
P41_04	PickDecision	3052	N3052	505016	525270	180	0	1	1	0	3056	0	0	0	0	 	 	 
P41_04	DropDecision	3052	N3052	505016	525270	180	0	1	1	0	3056	0	0	0	0	 	 	 
WASTE_41_3	DropDecision	3052	N3052	505016	525270	180	0	1	1	0	3056	0	0	0	0	 	 	 
WASTE_41_3	PickDecision	3052	N3052	505016	525270	180	0	1	1	0	3056	0	0	0	0	 	 	 
PressLoopDecision_P41_2_6	LoopDecision	3053	N3053	501457	525270	180	0	1	1	0	3056	0	0	0	0	 	 	 
CORE_41_2	PickDecision	3054	N3054	497919	525270	180	0	1	1	0	3056	0	0	0	0	 	 	 
CORE_41_2	DropDecision	3054	N3054	497919	525270	180	0	1	1	0	3056	0	0	0	0	 	 	 
P41_02	PickDecision	3054	N3054	497919	525270	180	0	1	1	0	3056	0	0	0	0	 	 	 
P41_02	DropDecision	3054	N3054	497919	525270	180	0	1	1	0	3056	0	0	0	0	 	 	 
NULL	NULL	3055	N3055	494300	525270	180	0	1	1	0	3056	0	0	0	0	 	 	 
NULL	NULL	3056	N3056	492427	525270	180	0	1	1	0	0	0	0	0	0	 	 	 
NULL	NULL	3500	N3500	675000	502600	180	0	1	1	0	0	0	0	0	0	 	 	 
NULL	NULL	3501	N3501	673528	502600	180	0	1	1	0	0	0	0	0	0	 	 	 
P44_02	PickDecision	3502	N3502	670614	502600	180	0	1	1	0	0	0	0	0	0	 	 	 
P44_02	DropDecision	3502	N3502	670614	502600	180	0	1	1	0	0	0	0	0	0	 	 	 
NULL	NULL	3503	N3503	668199	502600	180	0	1	1	0	0	0	0	0	0	 	 	 
P44_04	DropDecision	3504	N3504	664555	502600	180	0	1	1	0	0	0	0	0	0	 	 	 
P44_04	PickDecision	3504	N3504	664555	502600	180	0	1	1	0	0	0	0	0	0	 	 	 
NULL	NULL	3505	N3505	660826	502600	180	0	1	1	0	0	0	0	0	0	 	 	 
P44_06	PickDecision	3506	N3506	657358	502600	180	0	1	1	0	0	0	0	0	0	 	 	 
P44_06	DropDecision	3506	N3506	657358	502600	180	0	1	1	0	0	0	0	0	0	 	 	 
NULL	NULL	3507	N3507	654134	502600	180	0	1	1	0	0	0	0	0	0	 	 	 
NULL	NULL	3508	N3508	650023	502600	180	0	1	1	0	0	0	0	0	0	 	 	 
NULL	NULL	3509	N3509	648144	502600	180	0	1	1	0	0	0	0	0	0	 	 	 
NULL	NULL	3510	N3510	646484	502600	180	0	1	1	0	0	0	0	0	0	 	 	 
NULL	NULL	3511	N3511	643850	502600	180	0	1	1	0	0	0	0	0	0	 	 	 
NULL	NULL	3512	N3512	642504	502600	180	0	1	1	0	0	0	0	0	0	 	 	 
NULL	NULL	3513	N3513	640804	502600	180	0	1	1	0	0	0	0	0	0	 	 	 
NULL	NULL	3514	N3514	637223	502600	180	0	1	1	0	0	0	0	0	0	 	 	 
P44_08	PickDecision	3515	N3515	635343	502600	180	0	1	1	0	0	0	0	0	0	 	 	 
P44_08	DropDecision	3515	N3515	635343	502600	180	0	1	1	0	0	0	0	0	0	 	 	 
NULL	NULL	3516	N3516	633300	502600	180	0	1	1	0	3525	0	0	0	0	 	 	 
NULL	NULL	3517	N3517	632085	502600	180	0	1	1	0	3525	0	0	0	0	 	 	 
NULL	NULL	3518	N3518	629704	502600	180	0	1	1	0	0	0	0	0	0	 	 	 
P44_10	PickDecision	3519	N3519	628080	502600	180	0	1	1	0	0	0	0	0	0	 	 	 
P44_10	DropDecision	3519	N3519	628080	502600	180	0	1	1	0	0	0	0	0	0	 	 	 
NULL	NULL	3520	N3520	626121	502600	180	0	1	1	0	0	0	0	0	0	 	 	 
NULL	NULL	3521	N3521	625097	502600	180	0	1	1	0	3525	0	0	0	0	 	 	 
NULL	NULL	3522	N3522	622695	502600	180	0	1	1	0	0	0	0	0	0	 	 	 
NULL	NULL	3523	N3523	620816	502600	180	0	1	1	0	0	0	0	0	0	 	 	 
NULL	NULL	3524	N3524	619093	502600	180	0	1	1	0	3525	0	0	0	0	 	 	 
NULL	NULL	3525	N3525	617322	502600	180	0	1	1	0	0	0	0	0	0	 	 	 
NULL	NULL	3526	N3526	615600	502600	180	0	0	1	0	3529	0	0	0	0	 	 	 
NULL	NULL	3527	N3527	613344	502600	-180	0	0	1	0	0	0	0	0	0	 	 	 
P42_02	PickDecision	3528	N3528	611367	502108	180	0	1	1	0	0	0	0	0	0	 	 	 
P42_02	DropDecision	3528	N3528	611367	502108	180	0	1	1	0	0	0	0	0	0	 	 	 
NULL	NULL	3529	N3529	606333	502108	-180	0	1	1	0	0	0	0	0	0	 	 	 
NULL	NULL	3530	N3530	604559	502108	180	0	1	1	0	0	0	0	0	0	 	 	 
P42_04	PickDecision	3531	N3531	601949	502108	-180	0	1	1	0	0	0	0	0	0	 	 	 
P42_04	DropDecision	3531	N3531	601949	502108	-180	0	1	1	0	0	0	0	0	0	 	 	 
NULL	NULL	3532	N3532	598724	502108	-180	0	1	1	0	0	0	0	0	0	 	 	 
P42_06	PickDecision	3533	N3533	595440	502108	-180	0	1	1	0	0	0	0	0	0	 	 	 
P42_06	DropDecision	3533	N3533	595440	502108	-180	0	1	1	0	0	0	0	0	0	 	 	 
NULL	NULL	3534	N3534	592019	502108	-180	0	1	1	0	0	0	0	0	0	 	 	 
NULL	NULL	3535	N3535	587919	502108	180	0	1	1	0	0	0	0	0	0	 	 	 
NULL	NULL	3536	N3536	583700	502108	180	0	1	1	0	0	0	0	0	0	 	 	 
NULL	NULL	3537	N3537	582551	502108	180	0	1	1	0	0	0	0	0	0	 	 	 
NULL	NULL	3538	N3538	580100	502108	180	0	1	1	0	0	0	0	0	0	 	 	 
P42_08	PickDecision	3539	N3539	575031	502108	180	0	1	1	0	0	0	0	0	0	 	 	 
P42_08	DropDecision	3539	N3539	575031	502108	180	0	1	1	0	0	0	0	0	0	 	 	 
NULL	NULL	3540	N3540	570869	502108	180	0	1	1	0	3542	0	0	0	0	 	 	 
P42_10	PickDecision	3541	N3541	567298	502108	180	0	1	1	0	0	0	0	0	0	 	 	 
P42_10	DropDecision	3541	N3541	567298	502108	180	0	1	1	0	0	0	0	0	0	 	 	 
NULL	NULL	3542	N3542	563748	502108	180	0	1	1	0	0	0	0	0	0	 	 	 
NULL	NULL	3543	N3543	559293	502108	180	0	1	1	0	0	0	0	0	0	 	 	 
NULL	NULL	3544	N3544	557300	502108	180	0	1	1	0	0	0	0	0	0	 	 	 
NULL	NULL	3545	N3545	555429	502108	180	0	1	1	0	0	0	0	0	0	 	 	 
NULL	NULL	3546	N3546	553646	502108	180	0	1	1	0	3550	0	0	0	0	 	 	 
NULL	NULL	3547	N3547	550800	502108	180	0	1	1	0	0	0	0	0	0	 	 	 
NULL	NULL	3548	N3548	549396	502108	180	0	1	1	0	0	0	0	0	0	 	 	 
NULL	NULL	3549	N3549	547918	502108	180	0	1	1	0	0	0	0	0	0	 	 	 
P40_02	DropDecision	3550	N3550	546037	502108	180	0	1	1	0	0	0	0	0	0	 	 	 
P40_02	PickDecision	3550	N3550	546037	502108	180	0	1	1	0	0	0	0	0	0	 	 	 
NULL	NULL	3551	N3551	544000	502108	180	0	1	1	0	3552	0	0	0	0	 	 	 
NULL	NULL	3552	N3552	541386	502108	180	0	1	1	0	0	0	0	0	0	 	 	 
P40_04	PickDecision	3553	N3553	539505	502108	180	0	1	1	0	0	0	0	0	0	 	 	 
P40_04	DropDecision	3553	N3553	539505	502108	180	0	1	1	0	0	0	0	0	0	 	 	 
NULL	NULL	3554	N3554	538056	502108	180	0	1	1	0	0	0	0	0	0	 	 	 
NULL	NULL	3555	N3555	536768	502108	180	0	1	1	0	0	0	0	0	0	 	 	 
NULL	NULL	3556	N3556	533862	502108	180	0	1	1	0	0	0	0	0	0	 	 	 
P40_06	PickDecision	3557	N3557	531977	502108	180	0	1	1	0	0	0	0	0	0	 	 	 
P40_06	DropDecision	3557	N3557	531977	502108	180	0	1	1	0	0	0	0	0	0	 	 	 
NULL	NULL	3558	N3558	530090	502108	180	0	1	1	0	3563	0	0	0	0	 	 	 
NULL	NULL	3559	N3559	528217	502108	180	0	1	1	0	0	0	0	0	0	 	 	 
NULL	NULL	3560	N3560	526431	502108	180	0	1	1	0	0	0	0	0	0	 	 	 
NULL	NULL	3561	N3561	522433	502108	180	0	1	1	0	0	0	0	0	0	 	 	 
NULL	NULL	3562	N3562	520705	502108	180	0	1	1	0	0	0	0	0	0	 	 	 
LaneGrpDecision1	DropDecision	3563	N3563	519294	502108	180	0	1	1	0	3566	0	0	0	0	 	 	 
NULL	NULL	3564	N3564	516948	502108	180	0	1	1	0	0	0	0	0	0	 	 	 
NULL	NULL	3565	N3565	515059	502108	180	0	1	1	0	3571	0	0	0	0	 	 	 
P40_08	PickDecision	3566	N3566	512698	502108	180	0	1	1	0	3571	0	0	0	0	 	 	 
P40_08	DropDecision	3566	N3566	512698	502108	180	0	1	1	0	3571	0	0	0	0	 	 	 
NULL	NULL	3567	N3567	508699	502108	180	0	1	1	0	3569	0	0	0	0	 	 	 
P40_10	PickDecision	3568	N3568	505763	502108	180	0	1	1	0	0	0	0	0	0	 	 	 
P40_10	DropDecision	3568	N3568	505763	502108	180	0	1	1	0	0	0	0	0	0	 	 	 
NULL	NULL	3569	N3569	501622	502108	180	0	1	1	0	3572	0	0	0	0	 	 	 
NULL	NULL	3570	N3570	500060	502108	180	0	1	1	0	0	0	0	0	0	 	 	 
SCALE_01	DropDecision	3571	N3571	497008	502108	180	0	1	1	0	2500	0	0	0	0	 	 	 
NULL	NULL	3572	N3572	494500	502108	180	0	0	1	0	2500	0	0	0	0	 	 	 
NULL	NULL	3573	N3573	492100	502108	180	0	0	1	0	0	0	0	0	0	 	 	 
NULL	NULL	7162	N7162	648145	501610	180	0	1	1	0	0	0	0	0	0	 	 	 
NULL	NULL	3751	N3751	508400	495800	180	0	1	1	0	0	0	0	0	0	 	 	 
NULL	NULL	3752	N3752	505500	495800	180	0	1	1	0	0	0	0	0	0	 	 	 
NULL	NULL	3753	N3753	503000	495800	180	0	1	1	0	3755	0	0	0	0	 	 	 
NULL	NULL	3754	N3754	500297	495800	180	0	1	1	0	3755	0	0	0	0	 	 	 
NULL	NULL	3755	N3755	497600	495800	180	0	1	1	0	3757	0	0	0	0	 	 	 
NULL	NULL	3756	N3756	494483	495800	180	0	1	1	0	2751	0	0	0	0	 	 	 
NULL	NULL	3757	N3757	492700	495800	180	0	0	1	0	2750	0	0	0	0	 	 	 
NULL	NULL	4000	N4000	677458	514436	90	0	1	1	0	0	0	0	0	0	 	 	 
NULL	NULL	4001	N4001	677000	518687	90	0	1	1	0	0	0	0	0	0	 	 	 
NULL	NULL	4002	N4002	677000	520631	90	0	1	1	0	0	0	0	0	0	 	 	 
NULL	NULL	4003	N4003	675759	523946	130	0	1	1	0	0	0	0	0	0	 	 	 
NULL	NULL	4004	N4004	642050	504800	90	0	1	1	0	0	0	0	0	0	 	 	 
NULL	NULL	4005	N4005	642050	507000	90	0	1	1	0	0	0	0	0	0	 	 	 
NULL	NULL	4006	N4006	642050	509400	90	0	1	1	0	0	0	0	0	0	 	 	 
NULL	NULL	4007	N4007	613492	504827	90	0	1	1	0	0	0	0	0	0	 	 	 
NULL	NULL	4008	N4008	613492	507141	90	0	1	1	0	0	0	0	0	0	 	 	 
NULL	NULL	4009	N4009	613492	509255	90	0	1	1	0	0	0	0	0	0	 	 	 
NULL	NULL	4010	N4010	613492	514156	90	0	1	1	0	0	0	0	0	0	 	 	 
NULL	NULL	4011	N4011	613492	517871	90	0	1	1	0	0	0	0	0	0	 	 	 
NULL	NULL	4012	N4012	613492	520771	90	0	1	1	0	0	0	0	0	0	 	 	 
NULL	NULL	4013	N4013	613492	523335	90	0	1	1	0	0	0	0	0	0	 	 	 
NULL	NULL	4014	N4014	579735	505000	90	0	1	1	0	0	0	0	0	0	 	 	 
NULL	NULL	4015	N4015	579735	507078	90	0	1	1	0	0	0	0	0	0	 	 	 
NULL	NULL	4016	N4016	579735	509584	90	0	1	1	0	0	0	0	0	0	 	 	 
NULL	NULL	4017	N4017	579735	512500	90	0	1	1	0	0	0	0	0	0	 	 	 
NULL	NULL	4018	N4018	579735	518700	90	0	1	1	0	0	0	0	0	0	 	 	 
NULL	NULL	4019	N4019	579735	520800	90	0	1	1	0	0	0	0	0	0	 	 	 
NULL	NULL	4020	N4020	579735	521700	90	0	1	1	0	0	0	0	0	0	 	 	 
NULL	NULL	4021	N4021	551155	504900	90	0	1	1	0	0	0	0	0	0	 	 	 
NULL	NULL	4022	N4022	551155	506578	90	0	1	1	0	0	0	0	0	0	 	 	 
NULL	NULL	4023	N4023	551155	509500	90	0	0	1	0	0	0	0	0	0	 	 	 
NULL	NULL	4024	N4024	549450	513679	90	0	1	1	0	0	0	0	0	0	 	 	 
NULL	NULL	4025	N4025	551155	517400	90	0	1	1	0	3041	0	0	0	0	 	 	 
NULL	NULL	4026	N4026	551155	520000	90	0	1	1	0	0	0	0	0	0	 	 	 
NULL	NULL	4027	N4027	551155	523269	90	0	1	1	0	0	0	0	0	0	 	 	 
NULL	NULL	4028	N4028	517473	504000	90	0	0	1	0	0	0	0	0	0	 	 	 
NULL	NULL	4029	N4029	517473	506578	90	0	1	1	0	0	0	0	0	0	 	 	 
NULL	NULL	4030	N4030	517473	509729	90	0	1	1	0	0	0	0	0	0	 	 	 
NULL	NULL	4031	N4031	517473	511700	90	0	1	1	0	0	0	0	0	0	 	 	 
NULL	NULL	4032	N4032	517473	518600	90	0	1	1	0	0	0	0	0	0	 	 	 
NULL	NULL	4033	N4033	517473	520800	90	0	1	1	0	0	0	0	0	0	 	 	 
NULL	NULL	4034	N4034	517473	522351	90	0	1	1	0	0	0	0	0	0	 	 	 
NULL	NULL	4035	N4035	490706	497200	90	0	1	1	0	2750	0	0	0	0	 	 	 
NULL	NULL	4036	N4036	490706	498854	90	0	0	1	0	0	0	0	0	0	 	 	 
NULL	NULL	4037	N4037	490706	500000	90	0	0	1	0	0	0	0	0	0	 	 	 
NULL	NULL	4038	N4038	491020	504900	90	0	1	1	0	0	0	0	0	0	 	 	 
NULL	NULL	4039	N4039	491020	509345	90	0	1	1	0	0	0	0	0	0	 	 	 
NULL	NULL	4040	N4040	491020	511000	90	0	1	1	0	0	0	0	0	0	 	 	 
NULL	NULL	4041	N4041	491020	512750	90	0	1	1	0	0	0	0	0	0	 	 	 
NULL	NULL	5000	N5000	496111	518386	-90	0	1	1	0	0	0	0	0	0	 	 	 
NULL	NULL	5001	N5001	496111	520100	-90	0	1	1	0	0	0	0	0	0	 	 	 
NULL	NULL	5110	N5110	545758	522518	90	0	1	1	0	0	0	0	0	0	 	 	 
NULL	NULL	5111	N5111	545758	520730	90	0	1	0	0	0	0	0	0	0	 	 	 
NULL	NULL	4046	N4046	511048	496200	90	0	1	1	0	0	0	0	0	0	 	 	 
NULL	NULL	4047	N4047	511048	499591	90	0	0	1	0	0	0	0	0	0	 	 	 
NULL	NULL	7182	N7182	644405	501610	180	0	1	1	0	0	0	0	0	0	 	 	 
P40_05_H1	Park	623	N0623	532230	506793	0	0	1	1	0	0	0	0	0	0	 	 	 
NULL	NULL	4101	N4101	496400	496504	90	0	0	1	0	0	0	0	0	0	 	 	 
NULL	NULL	4102	N4102	496400	500000	90	0	0	1	0	0	0	0	0	0	 	 	 
P40_06_R2	Load	624	N0624	530130	506793	0	0	1	1	0	0	0	0	0	0	 	 	 
P40_06_R2	Unload	624	N0624	530130	506793	0	0	1	1	0	0	0	0	0	0	 	 	 
NULL	NULL	4201	N4201	502090	496504	90	0	0	1	0	0	0	0	0	0	 	 	 
NULL	NULL	4202	N4202	502090	500000	90	0	0	1	0	0	0	0	0	0	 	 	 
NULL	NULL	4500	N4500	677458	513000	-90	0	1	1	0	0	0	0	0	0	 	 	 
NULL	NULL	4501	N4501	677458	508753	-90	0	1	1	0	0	0	0	0	0	 	 	 
NULL	NULL	4502	N4502	677458	507495	-90	0	1	1	0	0	0	0	0	0	 	 	 
NULL	NULL	4503	N4503	677458	505676	-90	0	1	1	0	0	0	0	0	0	 	 	 
NULL	NULL	4504	N4504	645602	513278	-90	0	1	1	0	0	0	0	0	0	 	 	 
NULL	NULL	4505	N4505	645602	509084	-90	0	1	1	0	0	0	0	0	0	 	 	 
NULL	NULL	4506	N4506	645602	507476	-90	0	1	1	0	0	0	0	0	0	 	 	 
NULL	NULL	4507	N4507	645602	504800	-90	0	1	1	0	0	0	0	0	0	 	 	 
NULL	NULL	4508	N4508	613492	523335	-90	0	1	1	0	0	0	0	0	0	 	 	 
NULL	NULL	4509	N4509	613492	520771	-90	0	1	1	0	0	0	0	0	0	 	 	 
NULL	NULL	4510	N4510	613492	517871	-90	0	0	1	0	0	0	0	0	0	 	 	 
NULL	NULL	4511	N4511	613492	513956	-90	0	1	1	0	0	0	0	0	0	 	 	 
NULL	NULL	4512	N4512	613492	509591	-90	0	1	1	0	0	0	0	0	0	 	 	 
NULL	NULL	4513	N4513	613492	507141	-90	0	1	1	0	0	0	0	0	0	 	 	 
NULL	NULL	4514	N4514	613492	504827	-90	0	0	1	0	0	0	0	0	0	 	 	 
NULL	NULL	4515	N4515	583202	523601	-90	0	1	1	0	0	0	0	0	0	 	 	 
NULL	NULL	4516	N4516	583202	520800	-90	0	1	1	0	0	0	0	0	0	 	 	 
NULL	NULL	4517	N4517	583202	517900	-90	0	1	1	0	0	0	0	0	0	 	 	 
NULL	NULL	4518	N4518	583202	513689	-90	0	1	1	0	0	0	0	0	0	 	 	 
NULL	NULL	4519	N4519	583202	509584	-90	0	1	1	0	0	0	0	0	0	 	 	 
NULL	NULL	4520	N4520	583202	507631	-90	0	1	1	0	0	0	0	0	0	 	 	 
NULL	NULL	4521	N4521	583202	505500	-90	0	1	1	0	0	0	0	0	0	 	 	 
NULL	NULL	4522	N4522	552895	523776	-90	0	1	1	0	0	0	0	0	0	 	 	 
NULL	NULL	4523	N4523	552895	520922	-90	0	1	1	0	0	0	0	0	0	 	 	 
NULL	NULL	4524	N4524	552895	517750	-90	0	1	1	0	0	0	0	0	0	 	 	 
NULL	NULL	4525	N4525	552895	514000	-90	0	0	1	0	0	0	0	0	0	 	 	 
NULL	NULL	4526	N4526	552895	509374	-90	0	1	1	0	4528	0	0	0	0	 	 	 
NULL	NULL	4527	N4527	552895	507000	-90	0	1	1	0	4528	0	0	0	0	 	 	 
NULL	NULL	4528	N4528	552895	504200	-90	0	1	1	0	0	0	0	0	0	 	 	 
NULL	NULL	4529	N4529	546131	500000	-90	0	1	1	0	0	0	0	0	0	 	 	 
NULL	NULL	4530	N4530	520940	523508	-90	0	1	1	0	0	0	0	0	0	 	 	 
NULL	NULL	4531	N4531	520940	520800	-90	0	1	1	0	0	0	0	0	0	 	 	 
NULL	NULL	4532	N4532	520940	517800	-90	0	1	1	0	0	0	0	0	0	 	 	 
NULL	NULL	4533	N4533	520940	513700	-90	0	1	1	0	0	0	0	0	0	 	 	 
NULL	NULL	4534	N4534	520940	509584	-90	0	1	1	0	0	0	0	0	0	 	 	 
NULL	NULL	4535	N4535	520940	506578	-90	0	1	1	0	0	0	0	0	0	 	 	 
NULL	NULL	4536	N4536	520940	504000	-90	0	1	1	0	0	0	0	0	0	 	 	 
NULL	NULL	7202	N7202	639120	501610	180	0	1	1	0	0	0	0	0	0	 	 	 
NULL	NULL	7212	N7212	637230	501610	180	0	1	1	0	0	0	0	0	0	 	 	 
NULL	NULL	7242	N7242	631585	501610	180	0	1	1	0	0	0	0	0	0	 	 	 
NULL	NULL	4540	N4540	489146	522232	-90	0	1	1	0	0	0	0	0	0	 	 	 
NULL	NULL	4541	N4541	489146	520856	-90	0	1	1	0	0	0	0	0	0	 	 	 
NULL	NULL	4542	N4542	489146	518737	-90	0	1	1	0	0	0	0	0	0	 	 	 
NULL	NULL	4543	N4543	489146	514354	-90	0	1	1	0	0	0	0	0	0	 	 	 
NULL	NULL	4544	N4544	489146	508200	-90	0	1	1	0	0	0	0	0	0	 	 	 
NULL	NULL	4545	N4545	489146	505854	-90	0	1	1	0	0	0	0	0	0	 	 	 
NULL	NULL	4546	N4546	489146	504900	-90	0	1	1	0	0	0	0	0	0	 	 	 
NULL	NULL	4600	N4600	511048	500000	-90	0	0	1	0	0	0	0	0	0	 	 	 
NULL	NULL	4601	N4601	511048	498400	-90	0	0	1	0	0	0	0	0	0	 	 	 
NULL	NULL	4602	N4602	492477	500300	-90	0	1	1	0	0	0	0	0	0	 	 	 
NULL	NULL	9242	N9242	551155	503335	90	0	1	1	0	0	0	0	0	0	 	 	 
NULL	NULL	7203	N7203	613492	512956	90	0	1	1	0	0	0	0	0	0	 	 	 
NULL	NULL	1000	N1000	494661	519764	0	0	1	1	0	0	0	0	0	0	 	 	 
P41_02	Pick	5010	N5010	496123	522509	89.68	0	1	1	1	0	0	0	0	0	 	 	 
P41_02	Drop	5010	N5010	496123	522509	89.68	0	1	1	1	0	0	0	0	0	 	 	 
NULL	NULL	5011	N5011	496113	520730	89.68	0	1	0	0	0	0	0	0	0	 	 	 
NULL	NULL	1001	N1001	496165	519764	0	0	1	1	0	0	0	0	0	0	 	 	 
P41_03	Pick	5020	N5020	503193	518320	-90.29	0	1	1	1	0	0	0	0	0	 	 	 
P41_03	Drop	5020	N5020	503193	518320	-90.29	0	1	1	1	0	0	0	0	0	 	 	 
NULL	NULL	5021	N5021	503202	520082	-90.29	0	1	0	0	0	0	0	0	0	 	 	 
NULL	NULL	1002	N1002	497742	519764	0	0	1	1	0	0	0	0	0	0	 	 	 
P41_04	Pick	5030	N5030	503273	522509	89.71	0	1	1	1	0	0	0	0	0	 	 	 
P41_04	Drop	5030	N5030	503273	522509	89.71	0	1	1	1	0	0	0	0	0	 	 	 
NULL	NULL	5031	N5031	503264	520730	89.71	0	1	0	0	0	0	0	0	0	 	 	 
NULL	NULL	1003	N1003	501745	519764	0	0	1	1	0	0	0	0	0	0	 	 	 
P41_05	Pick	5040	N5040	510324	518320	-90.33	0	1	1	1	0	0	0	0	0	 	 	 
P41_05	Drop	5040	N5040	510324	518320	-90.33	0	1	1	1	0	0	0	0	0	 	 	 
NULL	NULL	5041	N5041	510336	520085	-90.44	0	1	0	0	0	0	0	0	0	 	 	 
NULL	NULL	1005	N1005	504826	519764	0	0	1	1	0	0	0	0	0	0	 	 	 
P41_06	Pick	5050	N5050	510381	522518	89.11	0	1	1	1	0	0	0	0	0	 	 	 
P41_06	Drop	5050	N5050	510381	522518	89.11	0	1	1	1	0	0	0	0	0	 	 	 
NULL	NULL	5051	N5051	510353	520730	89.1	0	1	0	0	0	0	0	0	0	 	 	 
NULL	NULL	1006	N1006	508862	519764	0	0	1	1	0	0	0	0	0	0	 	 	 
P41_07	Pick	5060	N5060	531496	518320	-90.33	0	1	1	1	0	0	0	0	0	 	 	 
P41_07	Drop	5060	N5060	531496	518320	-90.33	0	1	1	1	0	0	0	0	0	 	 	 
NULL	NULL	5061	N5061	531506	520085	-90.33	0	1	0	0	0	0	0	0	0	 	 	 
NULL	NULL	1007	N1007	510366	519764	0	0	1	1	0	0	0	0	0	0	 	 	 
P41_08	Pick	5070	N5070	531529	522509	89.71	0	1	1	1	0	0	0	0	0	 	 	 
P41_08	Drop	5070	N5070	531529	522509	89.71	0	1	1	1	0	0	0	0	0	 	 	 
NULL	NULL	5071	N5071	531520	520730	89.71	0	1	0	0	0	0	0	0	0	 	 	 
NULL	NULL	1008	N1008	511943	519764	0	0	1	1	0	0	0	0	0	0	 	 	 
P41_09	Pick	5080	N5080	538599	518325	-90.29	0	1	1	1	0	0	0	0	0	 	 	 
P41_09	Drop	5080	N5080	538599	518325	-90.29	0	1	1	1	0	0	0	0	0	 	 	 
NULL	NULL	5081	N5081	538608	520082	-90.29	0	1	0	0	0	0	0	0	0	 	 	 
NULL	NULL	1009	N1009	530011	519764	0	0	1	1	0	0	0	0	0	0	 	 	 
P41_10	Pick	5090	N5090	538631	522509	89.84	0	1	1	1	0	0	0	0	0	 	 	 
P41_10	Drop	5090	N5090	538631	522509	89.84	0	1	1	1	0	0	0	0	0	 	 	 
NULL	NULL	5091	N5091	538626	520730	89.84	0	1	0	0	0	0	0	0	0	 	 	 
NULL	NULL	1010	N1010	531515	519764	0	0	1	1	0	0	0	0	0	0	 	 	 
P41_11	Pick	5100	N5100	545708	518325	-90	0	1	1	1	0	0	0	0	0	 	 	 
P41_11	Drop	5100	N5100	545708	518325	-90	0	1	1	1	0	0	0	0	0	 	 	 
NULL	NULL	5101	N5101	545708	520085	-90	0	1	0	0	0	0	0	0	0	 	 	 
NULL	NULL	1011	N1011	533092	519764	0	0	1	1	0	0	0	0	0	0	 	 	 
NULL	NULL	9232	N9232	552895	509374	-32	0	1	1	0	0	0	0	0	0	 	 	 
NULL	NULL	5122	N5122	546200	523375	135	0	0	0	0	0	0	0	0	0	 	 	 
NULL	NULL	1012	N1012	537126	519764	0	0	1	1	0	0	0	0	0	0	 	 	 
WASTE_41_11	Pick	5120	N5120	546200	523375	180	0	1	1	0	0	0	0	0	0	 	 	 
WASTE_41_11	Drop	5120	N5120	546200	523375	180	0	1	1	0	0	0	0	0	0	 	 	 
NULL	NULL	5121	N5121	547950	523375	180	0	1	0	1	0	0	0	0	0	 	 	 
NULL	NULL	1013	N1013	538630	519764	0	0	1	1	0	0	0	0	0	0	 	 	 
CORE_41_10	Pick	5130	N5130	539750	523375	180	0	1	1	0	0	0	0	0	0	 	 	 
CORE_41_10	Drop	5130	N5130	539750	523375	180	0	1	1	0	0	0	0	0	0	 	 	 
NULL	NULL	5131	N5131	541350	523375	180	0	1	0	1	0	0	0	0	0	 	 	 
NULL	NULL	1014	N1014	540207	519764	0	0	1	1	0	0	0	0	0	0	 	 	 
WASTE_41_8	Pick	5140	N5140	532650	523385	180	0	1	1	0	0	0	0	0	0	 	 	 
WASTE_41_8	Drop	5140	N5140	532650	523385	180	0	1	1	0	0	0	0	0	0	 	 	 
NULL	NULL	5141	N5141	534250	523385	180	0	1	0	1	0	0	0	0	0	 	 	 
NULL	NULL	1015	N1015	544235	519764	0	0	1	1	0	0	0	0	0	0	 	 	 
CORE_41_5	Drop	5150	N5150	509320	523350	0	0	1	1	0	0	0	0	0	0	 	 	 
CORE_41_5	Pick	5150	N5150	509320	523350	0	0	1	1	0	0	0	0	0	0	 	 	 
NULL	NULL	5151	N5151	507720	523350	0	0	1	0	1	0	0	0	0	0	 	 	 
NULL	NULL	1016	N1016	545739	519764	0	0	1	1	0	0	0	0	0	0	 	 	 
WASTE_41_3	Pick	5160	N5160	502270	523320	0	0	1	1	0	0	0	0	0	0	 	 	 
WASTE_41_3	Drop	5160	N5160	502270	523320	0	0	1	1	0	0	0	0	0	0	 	 	 
NULL	NULL	5161	N5161	500620	523320	0	0	1	0	1	0	0	0	0	0	 	 	 
NULL	NULL	1017	N1017	547316	519764	0	0	1	1	0	0	0	0	0	0	 	 	 
CORE_41_2	Pick	5170	N5170	495240	523340	0	0	1	1	0	0	0	0	0	0	 	 	 
CORE_41_2	Drop	5170	N5170	495240	523340	0	0	1	1	0	0	0	0	0	0	 	 	 
NULL	NULL	5171	N5171	493640	523340	0	0	1	0	1	0	0	0	0	0	 	 	 
NULL	NULL	1018	N1018	556894	519764	0	0	1	1	0	0	0	0	0	0	 	 	 
NULL	NULL	5340	N5340	558390	518336	-90	0	1	1	1	0	0	0	0	0	 	 	 
NULL	NULL	5341	N5341	558390	520122	-90	0	1	0	0	0	0	0	0	0	 	 	 
NULL	NULL	1019	N1019	558398	519764	0	0	1	1	0	0	0	0	0	0	 	 	 
P43_02	Pick	5350	N5350	558415	522513	90	0	1	1	1	0	0	0	0	0	 	 	 
P43_02	Drop	5350	N5350	558415	522513	90	0	1	1	1	0	0	0	0	0	 	 	 
NULL	NULL	5351	N5351	558415	520740	90	0	1	0	0	0	0	0	0	0	 	 	 
NULL	NULL	1020	N1020	559975	519764	0	0	1	1	0	0	0	0	0	0	 	 	 
P43_03	Pick	5360	N5360	565515	518336	-90.26	0	1	1	1	0	0	0	0	0	 	 	 
P43_03	Drop	5360	N5360	565515	518336	-90.26	0	1	1	1	0	0	0	0	0	 	 	 
NULL	NULL	5361	N5361	565523	520122	-90.26	0	1	0	0	0	0	0	0	0	 	 	 
NULL	NULL	1021	N1021	564016	519764	0	0	1	1	0	0	0	0	0	0	 	 	 
P43_04	Pick	5370	N5370	565533	522513	90	0	1	1	1	0	0	0	0	0	 	 	 
P43_04	Drop	5370	N5370	565533	522513	90	0	1	1	1	0	0	0	0	0	 	 	 
NULL	NULL	5371	N5371	565533	520740	90	0	1	0	0	0	0	0	0	0	 	 	 
NULL	NULL	1022	N1022	565520	519764	0	0	1	1	0	0	0	0	0	0	 	 	 
P43_05	Pick	5380	N5380	572605	518336	-90.16	0	1	1	1	0	0	0	0	0	 	 	 
P43_05	Drop	5380	N5380	572605	518336	-90.16	0	1	1	1	0	0	0	0	0	 	 	 
NULL	NULL	5381	N5381	572610	520125	-90.16	0	1	0	0	0	0	0	0	0	 	 	 
NULL	NULL	1023	N1023	567097	519764	0	0	1	1	0	0	0	0	0	0	 	 	 
P43_06	Pick	5390	N5390	572636	522513	89.78	0	1	1	1	0	0	0	0	0	 	 	 
P43_06	Drop	5390	N5390	572636	522513	89.78	0	1	1	1	0	0	0	0	0	 	 	 
NULL	NULL	5391	N5391	572629	520740	89.78	0	1	0	0	0	0	0	0	0	 	 	 
NULL	NULL	1024	N1024	571125	519764	0	0	1	1	0	0	0	0	0	0	 	 	 
P43_07	Pick	5400	N5400	593764	518336	-90.29	0	1	1	1	0	0	0	0	0	 	 	 
P43_07	Drop	5400	N5400	593764	518336	-90.29	0	1	1	1	0	0	0	0	0	 	 	 
NULL	NULL	5401	N5401	593773	520122	-90.29	0	1	0	0	0	0	0	0	0	 	 	 
NULL	NULL	1025	N1025	572629	519764	0	0	1	1	0	0	0	0	0	0	 	 	 
P43_08	Pick	5410	N5410	593815	522513	90	0	1	1	1	0	0	0	0	0	 	 	 
P43_08	Drop	5410	N5410	593815	522513	90	0	1	1	1	0	0	0	0	0	 	 	 
NULL	NULL	5411	N5411	593815	520730	90	0	1	0	0	0	0	0	0	0	 	 	 
NULL	NULL	1026	N1026	574206	519764	0	0	1	1	0	0	0	0	0	0	 	 	 
P43_09	Pick	5420	N5420	600884	518336	-90.19	0	1	1	1	0	0	0	0	0	 	 	 
P43_09	Drop	5420	N5420	600884	518336	-90.19	0	1	1	1	0	0	0	0	0	 	 	 
NULL	NULL	5421	N5421	600890	520122	-90.19	0	1	0	0	0	0	0	0	0	 	 	 
NULL	NULL	1027	N1027	592280	519764	0	0	1	1	0	0	0	0	0	0	 	 	 
P43_10	Pick	5430	N5430	600911	522513	90	0	1	1	1	0	0	0	0	0	 	 	 
P43_10	Drop	5430	N5430	600911	522513	90	0	1	1	1	0	0	0	0	0	 	 	 
P40_05_R1	Load	625	N0625	532930	506793	0	0	1	1	0	0	0	0	0	0	 	 	 
P40_05_R1	Unload	625	N0625	532930	506793	0	0	1	1	0	0	0	0	0	0	 	 	 
NULL	NULL	1028	N1028	593784	519764	0	0	1	1	0	0	0	0	0	0	 	 	 
P43_11	Pick	5440	N5440	608000	518336	-89.68	0	1	1	0	0	0	0	0	0	 	 	 
P43_11	Drop	5440	N5440	608000	518336	-89.68	0	1	1	0	0	0	0	0	0	 	 	 
NULL	NULL	5441	N5441	607990	520122	-89.68	0	1	0	0	0	0	0	0	0	 	 	 
NULL	NULL	1029	N1029	595361	519764	0	0	1	1	0	0	0	0	0	0	 	 	 
NULL	NULL	5450	N5450	608010	522513	90	0	1	1	0	0	0	0	0	0	 	 	 
NULL	NULL	5451	N5451	608010	520740	90	0	1	0	0	0	0	0	0	0	 	 	 
NULL	NULL	1030	N1030	599385	519764	0	0	1	1	0	0	0	0	0	0	 	 	 
WASTE_43_11	Pick	5460	N5460	608500	523380	180	0	1	1	0	0	0	0	0	0	 	 	 
WASTE_43_11	Drop	5460	N5460	608500	523380	180	0	1	1	0	0	0	0	0	0	 	 	 
NULL	NULL	5461	N5461	610400	523380	180	0	1	0	1	0	0	0	0	0	 	 	 
NULL	NULL	1031	N1031	600889	519764	0	0	1	1	0	0	0	0	0	0	 	 	 
CORE_43_10	Drop	5470	N5470	601996	523370	180	0	1	1	0	0	0	0	0	0	 	 	 
CORE_43_10	Pick	5470	N5470	601996	523370	180	0	1	1	0	0	0	0	0	0	 	 	 
NULL	NULL	5471	N5471	603596	523370	180	0	1	0	1	0	0	0	0	0	 	 	 
NULL	NULL	1032	N1032	602466	519764	0	0	1	1	0	0	0	0	0	0	 	 	 
WASTE_43_8	Pick	5480	N5480	594888	523385	180	0	1	1	0	0	0	0	0	0	 	 	 
WASTE_43_8	Drop	5480	N5480	594888	523385	180	0	1	1	0	0	0	0	0	0	 	 	 
NULL	NULL	5481	N5481	596539	523385	180	0	1	0	1	0	0	0	0	0	 	 	 
NULL	NULL	1033	N1033	606497	519764	0	0	1	1	0	0	0	0	0	0	 	 	 
CORE_43_5	Pick	5490	N5490	571590	523380	0	0	1	1	0	0	0	0	0	0	 	 	 
CORE_43_5	Drop	5490	N5490	571590	523380	0	0	1	1	0	0	0	0	0	0	 	 	 
NULL	NULL	5491	N5491	569990	523380	0	0	1	0	1	0	0	0	0	0	 	 	 
NULL	NULL	1034	N1034	608001	519764	0	0	1	1	0	0	0	0	0	0	 	 	 
WASTE_43_3	Pick	5500	N5500	564604	523370	0	0	1	1	0	0	0	0	0	0	 	 	 
WASTE_43_3	Drop	5500	N5500	564604	523370	0	0	1	1	0	0	0	0	0	0	 	 	 
NULL	NULL	5501	N5501	563004	523370	0	0	1	0	1	0	0	0	0	0	 	 	 
NULL	NULL	1035	N1035	609578	519764	0	0	1	1	0	0	0	0	0	0	 	 	 
CORE_43_2	Pick	5510	N5510	557550	523380	0	0	1	1	0	0	0	0	0	0	 	 	 
CORE_43_2	Drop	5510	N5510	557550	523380	0	0	1	1	0	0	0	0	0	0	 	 	 
NULL	NULL	5511	N5511	555950	523380	0	0	1	0	1	0	0	0	0	0	 	 	 
NULL	NULL	1036	N1036	494661	506010	0	0	1	1	0	0	0	0	0	0	 	 	 
P40_02	Pick	6000	N6000	545784	504692	-89.03	0	1	1	1	0	0	0	0	0	 	 	 
P40_02	Drop	6000	N6000	545784	504692	-89.03	0	1	1	1	0	0	0	0	0	 	 	 
NULL	NULL	6001	N6001	545754	506470	-89.03	0	1	0	0	0	0	0	0	0	 	 	 
NULL	NULL	1037	N1037	496165	506010	0	0	1	1	0	0	0	0	0	0	 	 	 
NULL	NULL	6010	N6010	545741	508900	90	0	1	1	0	0	0	0	0	0	 	 	 
NULL	NULL	6011	N6011	545741	507088	90	0	1	0	0	0	0	0	0	0	 	 	 
NULL	NULL	1038	N1038	497742	506010	0	0	1	1	0	0	0	0	0	0	 	 	 
P40_04	Pick	6020	N6020	538647	504692	-89.81	0	1	1	1	0	0	0	0	0	 	 	 
P40_04	Drop	6020	N6020	538647	504692	-89.81	0	1	1	1	0	0	0	0	0	 	 	 
NULL	NULL	6021	N6021	538641	506490	-89.81	0	1	0	0	0	0	0	0	0	 	 	 
NULL	NULL	1039	N1039	501742	506010	0	0	1	1	0	0	0	0	0	0	 	 	 
P40_03	Pick	6030	N6030	538637	508900	89.97	0	1	1	1	0	0	0	0	0	 	 	 
P40_03	Drop	6030	N6030	538637	508900	89.97	0	1	1	1	0	0	0	0	0	 	 	 
NULL	NULL	6031	N6031	538636	507088	89.97	0	1	0	0	0	0	0	0	0	 	 	 
NULL	NULL	1040	N1040	503246	506010	0	0	1	1	0	0	0	0	0	0	 	 	 
P40_06	Pick	6040	N6040	531546	504692	-89.33	0	1	1	1	0	0	0	0	0	 	 	 
P40_06	Drop	6040	N6040	531546	504692	-89.33	0	1	1	1	0	0	0	0	0	 	 	 
NULL	NULL	6041	N6041	531525	506490	-89.33	0	1	0	0	0	0	0	0	0	 	 	 
NULL	NULL	1041	N1041	504823	506010	0	0	1	1	0	0	0	0	0	0	 	 	 
P40_05	Pick	6050	N6050	531530	508900	90	0	1	1	1	0	0	0	0	0	 	 	 
P40_05	Drop	6050	N6050	531530	508900	90	0	1	1	1	0	0	0	0	0	 	 	 
NULL	NULL	6051	N6051	531530	507070	90	0	1	0	0	0	0	0	0	0	 	 	 
NULL	NULL	1042	N1042	508851	506010	0	0	1	1	0	0	0	0	0	0	 	 	 
P40_08	Pick	6060	N6060	510370	504692	-90	0	1	1	1	0	0	0	0	0	 	 	 
P40_08	Drop	6060	N6060	510370	504692	-90	0	1	1	1	0	0	0	0	0	 	 	 
NULL	NULL	6061	N6061	510370	506470	-90	0	1	0	0	0	0	0	0	0	 	 	 
NULL	NULL	1043	N1043	510355	506010	0	0	1	1	0	0	0	0	0	0	 	 	 
P40_07	Pick	6070	N6070	510330	508900	90	0	1	1	1	0	0	0	0	0	 	 	 
P40_07	Drop	6070	N6070	510330	508900	90	0	1	1	1	0	0	0	0	0	 	 	 
NULL	NULL	6071	N6071	510330	507078	90	0	1	0	0	0	0	0	0	0	 	 	 
NULL	NULL	1044	N1044	511932	506010	0	0	1	1	0	0	0	0	0	0	 	 	 
P40_10	Pick	6080	N6080	503270	504692	-90	0	1	1	1	0	0	0	0	0	 	 	 
P40_10	Drop	6080	N6080	503270	504692	-90	0	1	1	1	0	0	0	0	0	 	 	 
NULL	NULL	6081	N6081	503270	506470	-90	0	1	0	0	0	0	0	0	0	 	 	 
NULL	NULL	1045	N1045	530002	506010	0	0	1	1	0	0	0	0	0	0	 	 	 
P40_09	Pick	6090	N6090	503230	508900	90	0	1	1	1	0	0	0	0	0	 	 	 
P40_09	Drop	6090	N6090	503230	508900	90	0	1	1	1	0	0	0	0	0	 	 	 
NULL	NULL	6091	N6091	503230	507078	90	0	1	0	0	0	0	0	0	0	 	 	 
NULL	NULL	1046	N1046	531506	506010	0	0	1	1	0	0	0	0	0	0	 	 	 
NULL	NULL	6100	N6100	496161	504692	-90	0	1	1	1	0	0	0	0	0	 	 	 
NULL	NULL	6101	N6101	496161	506470	-90	0	1	0	0	0	0	0	0	0	 	 	 
NULL	NULL	1047	N1047	533083	506010	0	0	1	1	0	0	0	0	0	0	 	 	 
P40_11	Pick	6110	N6110	496116	508900	90	0	1	1	1	0	0	0	0	0	 	 	 
P40_11	Drop	6110	N6110	496116	508900	90	0	1	1	1	0	0	0	0	0	 	 	 
NULL	NULL	6111	N6111	496116	507088	90	0	1	0	0	0	0	0	0	0	 	 	 
NULL	NULL	1048	N1048	537126	506010	0	0	1	1	0	0	0	0	0	0	 	 	 
WASTE_40_2	Drop	6120	N6120	546300	509655	180	0	1	1	0	0	0	0	0	0	 	 	 
WASTE_40_2	Pick	6120	N6120	546300	509655	180	0	1	1	0	0	0	0	0	0	 	 	 
NULL	NULL	6121	N6121	548050	509655	180	0	1	0	1	0	0	0	0	0	 	 	 
NULL	NULL	1049	N1049	538630	506010	0	0	1	1	0	0	0	0	0	0	 	 	 
CORE_40_3	Pick	6130	N6130	539770	509655	180	0	1	1	0	0	0	0	0	0	 	 	 
CORE_40_3	Drop	6130	N6130	539770	509655	180	0	1	1	0	0	0	0	0	0	 	 	 
NULL	NULL	6131	N6131	541370	509655	180	0	1	0	1	0	0	0	0	0	 	 	 
NULL	NULL	1050	N1050	540207	506010	0	0	1	1	0	0	0	0	0	0	 	 	 
WASTE_40_5	Drop	6140	N6140	532560	509645	180	0	1	1	0	0	0	0	0	0	 	 	 
WASTE_40_5	Pick	6140	N6140	532560	509645	180	0	1	1	0	0	0	0	0	0	 	 	 
NULL	NULL	6141	N6141	534360	509645	180	0	1	0	1	0	0	0	0	0	 	 	 
NULL	NULL	1051	N1051	544243	506010	0	0	1	1	0	0	0	0	0	0	 	 	 
CORE_40_8	Pick	6150	N6150	509350	509635	0	0	1	1	0	0	0	0	0	0	 	 	 
CORE_40_8	Drop	6150	N6150	509350	509635	0	0	1	1	0	0	0	0	0	0	 	 	 
NULL	NULL	6151	N6151	507750	509635	0	0	1	0	1	0	0	0	0	0	 	 	 
NULL	NULL	1052	N1052	545747	506010	0	0	1	1	0	0	0	0	0	0	 	 	 
WASTE_40_10	Pick	6160	N6160	502350	509640	0	0	1	1	0	0	0	0	0	0	 	 	 
WASTE_40_10	Drop	6160	N6160	502350	509640	0	0	1	1	0	0	0	0	0	0	 	 	 
NULL	NULL	6161	N6161	500550	509640	0	0	1	0	1	0	0	0	0	0	 	 	 
NULL	NULL	1053	N1053	547324	506010	0	0	1	1	0	0	0	0	0	0	 	 	 
CORE_40_11	Pick	6170	N6170	495280	509630	0	0	1	1	0	0	0	0	0	0	 	 	 
CORE_40_11	Drop	6170	N6170	495280	509630	0	0	1	1	0	0	0	0	0	0	 	 	 
NULL	NULL	6171	N6171	493680	509630	0	0	1	0	1	0	0	0	0	0	 	 	 
NULL	NULL	1054	N1054	556901	506010	0	0	1	1	0	0	0	0	0	0	 	 	 
P40_07_08_CtrL	Center	631	N0631	510377	506833	0	0	1	1	0	0	0	0	0	0	 	 	 
P40_07_08_CtrU	Center	631	N0631	510377	506833	0	0	1	1	0	0	0	0	0	0	 	 	 
P40_08_H2	Park	632	N0632	509677	506833	0	0	1	1	0	0	0	0	0	0	 	 	 
NULL	NULL	7272	N7272	624590	501610	180	0	1	1	0	0	0	0	0	0	 	 	 
P42_02	Pick	6340	N6340	608040	504692	-90	0	1	1	1	0	0	0	0	0	 	 	 
P42_02	Drop	6340	N6340	608040	504692	-90	0	1	1	1	0	0	0	0	0	 	 	 
NULL	NULL	6341	N6341	608040	506480	-90	0	1	0	0	0	0	0	0	0	 	 	 
NULL	NULL	1055	N1055	558405	506010	0	0	1	1	0	0	0	0	0	0	 	 	 
NULL	NULL	6350	N6350	608070	508900	90	0	1	1	0	0	0	0	0	0	 	 	 
NULL	NULL	6351	N6351	608070	507768	90	0	1	0	0	0	0	0	0	0	 	 	 
NULL	NULL	1056	N1056	559982	506010	0	0	1	1	0	0	0	0	0	0	 	 	 
P42_04	Pick	6360	N6360	600929	504692	-90	0	1	1	1	0	0	0	0	0	 	 	 
P42_04	Drop	6360	N6360	600929	504692	-90	0	1	1	1	0	0	0	0	0	 	 	 
NULL	NULL	6361	N6361	600929	506480	-90	0	1	0	0	0	0	0	0	0	 	 	 
NULL	NULL	1057	N1057	564013	506010	0	0	1	1	0	0	0	0	0	0	 	 	 
P42_03	Pick	6370	N6370	600891	508900	90.19	0	1	1	1	0	0	0	0	0	 	 	 
P42_03	Drop	6370	N6370	600891	508900	90.19	0	1	1	1	0	0	0	0	0	 	 	 
NULL	NULL	6371	N6371	600897	507090	90.19	0	1	0	0	0	0	0	0	0	 	 	 
NULL	NULL	1058	N1058	565517	506010	0	0	1	1	0	0	0	0	0	0	 	 	 
P42_06	Pick	6380	N6380	593825	504692	-90	0	1	1	1	0	0	0	0	0	 	 	 
P42_06	Drop	6380	N6380	593825	504692	-90	0	1	1	1	0	0	0	0	0	 	 	 
NULL	NULL	6381	N6381	593825	506480	-90	0	1	0	0	0	0	0	0	0	 	 	 
NULL	NULL	1059	N1059	567094	506010	0	0	1	1	0	0	0	0	0	0	 	 	 
P42_05	Pick	6390	N6390	593764	508900	90.22	0	1	1	1	0	0	0	0	0	 	 	 
P42_05	Drop	6390	N6390	593764	508900	90.22	0	1	1	1	0	0	0	0	0	 	 	 
NULL	NULL	6391	N6391	593771	507090	90.22	0	1	0	0	0	0	0	0	0	 	 	 
NULL	NULL	1060	N1060	571129	506010	0	0	1	1	0	0	0	0	0	0	 	 	 
P42_08	Pick	6400	N6400	572648	504692	-90	0	1	1	0	0	0	0	0	0	 	 	 
P42_08	Drop	6400	N6400	572648	504692	-90	0	1	1	0	0	0	0	0	0	 	 	 
NULL	NULL	6401	N6401	572648	506480	-90	0	1	0	0	0	0	0	0	0	 	 	 
NULL	NULL	1061	N1061	572633	506010	0	0	1	1	0	0	0	0	0	0	 	 	 
P42_07	Pick	6410	N6410	572616	508900	90	0	1	1	1	0	0	0	0	0	 	 	 
P42_07	Drop	6410	N6410	572616	508900	90	0	1	1	1	0	0	0	0	0	 	 	 
NULL	NULL	6411	N6411	572616	507090	90	0	1	0	0	0	0	0	0	0	 	 	 
NULL	NULL	1062	N1062	574210	506010	0	0	1	1	0	0	0	0	0	0	 	 	 
P42_10	Pick	6420	N6420	565530	504692	-89.87	0	1	1	1	0	0	0	0	0	 	 	 
P42_10	Drop	6420	N6420	565530	504692	-89.87	0	1	1	1	0	0	0	0	0	 	 	 
NULL	NULL	6421	N6421	565526	506480	-89.87	0	1	0	0	0	0	0	0	0	 	 	 
NULL	NULL	1063	N1063	592281	506010	0	0	1	1	0	0	0	0	0	0	 	 	 
P42_09	Pick	6430	N6430	565510	508900	90	0	1	1	1	0	0	0	0	0	 	 	 
P42_09	Drop	6430	N6430	565510	508900	90	0	1	1	1	0	0	0	0	0	 	 	 
NULL	NULL	6431	N6431	565510	507090	90	0	1	0	0	0	0	0	0	0	 	 	 
NULL	NULL	1064	N1064	593785	506010	0	0	1	1	0	0	0	0	0	0	 	 	 
NULL	NULL	6440	N6440	558416	504692	-90	0	1	1	0	0	0	0	0	0	 	 	 
NULL	NULL	6441	N6441	558416	505940	-90	0	1	0	0	0	0	0	0	0	 	 	 
NULL	NULL	1065	N1065	595362	506010	0	0	1	1	0	0	0	0	0	0	 	 	 
P42_11	Pick	6450	N6450	558406	508900	90	0	1	1	1	0	0	0	0	0	 	 	 
P42_11	Drop	6450	N6450	558406	508900	90	0	1	1	1	0	0	0	0	0	 	 	 
NULL	NULL	6451	N6451	558406	507081	90	0	1	0	0	0	0	0	0	0	 	 	 
NULL	NULL	1066	N1066	599391	506010	0	0	1	1	0	0	0	0	0	0	 	 	 
WASTE_42_2	Drop	6460	N6460	608500	509665	180	0	1	1	0	0	0	0	0	0	 	 	 
WASTE_42_2	Pick	6460	N6460	608500	509665	180	0	1	1	0	0	0	0	0	0	 	 	 
NULL	NULL	6461	N6461	610550	509665	180	0	1	0	0	0	0	0	0	0	 	 	 
NULL	NULL	1067	N1067	600895	506010	0	0	1	1	0	0	0	0	0	0	 	 	 
CORE_42_3	Pick	6470	N6470	602050	509645	180	0	1	1	0	0	0	0	0	0	 	 	 
CORE_42_3	Drop	6470	N6470	602050	509645	180	0	1	1	0	0	0	0	0	0	 	 	 
NULL	NULL	6471	N6471	603650	509645	180	0	1	0	0	0	0	0	0	0	 	 	 
NULL	NULL	1068	N1068	602472	506010	0	0	1	1	0	0	0	0	0	0	 	 	 
WASTE_42_5	Pick	6480	N6480	594900	509655	180	0	1	1	0	0	0	0	0	0	 	 	 
WASTE_42_5	Drop	6480	N6480	594900	509655	180	0	1	1	0	0	0	0	0	0	 	 	 
NULL	NULL	6481	N6481	596641	509655	180	0	1	0	0	0	0	0	0	0	 	 	 
NULL	NULL	1069	N1069	606500	506010	0	0	1	1	0	0	0	0	0	0	 	 	 
CORE_42_8	Pick	6490	N6490	571600	509660	0	0	1	1	0	0	0	0	0	0	 	 	 
CORE_42_8	Drop	6490	N6490	571600	509660	0	0	1	1	0	0	0	0	0	0	 	 	 
NULL	NULL	6491	N6491	570000	509660	0	0	1	0	1	0	0	0	0	0	 	 	 
NULL	NULL	1070	N1070	608004	506010	0	0	1	1	0	0	0	0	0	0	 	 	 
WASTE_42_10	Pick	6500	N6500	564500	509648	0	0	1	1	0	0	0	0	0	0	 	 	 
WASTE_42_10	Drop	6500	N6500	564500	509648	0	0	1	1	0	0	0	0	0	0	 	 	 
NULL	NULL	6501	N6501	562900	509648	0	0	1	0	1	0	0	0	0	0	 	 	 
NULL	NULL	1071	N1071	609581	506010	0	0	1	1	0	0	0	0	0	0	 	 	 
CORE_42_11	Pick	6510	N6510	557520	509630	0	0	1	1	0	0	0	0	0	0	 	 	 
CORE_42_11	Drop	6510	N6510	557520	509630	0	0	1	1	0	0	0	0	0	0	 	 	 
NULL	NULL	6511	N6511	555920	509630	0	0	1	0	1	0	0	0	0	0	 	 	 
NULL	NULL	1072	N1072	619151	506010	0	0	1	1	0	0	0	0	0	0	 	 	 
NULL	NULL	7282	N7282	622708	501610	180	0	1	1	0	0	0	0	0	0	 	 	 
P44_02	Pick	6660	N6660	670304	504692	-90	0	1	1	1	0	0	0	0	0	 	 	 
P44_02	Drop	6660	N6660	670304	504692	-90	0	1	1	1	0	0	0	0	0	 	 	 
NULL	NULL	6661	N6661	670304	506476	-90	0	1	0	0	0	0	0	0	0	 	 	 
NULL	NULL	1073	N1073	620655	506010	0	0	1	1	0	0	0	0	0	0	 	 	 
NULL	NULL	6670	N6670	670315	508900	90	0	1	1	1	0	0	0	0	0	 	 	 
NULL	NULL	6671	N6671	670315	507768	90	0	1	0	0	0	0	0	0	0	 	 	 
NULL	NULL	1074	N1074	622232	506010	0	0	1	1	0	0	0	0	0	0	 	 	 
P44_04	Drop	6680	N6680	663188	504692	-89.68	0	1	1	1	0	0	0	0	0	 	 	 
P44_04	Pick	6680	N6680	663188	504692	-89.68	0	1	1	1	0	0	0	0	0	 	 	 
NULL	NULL	6681	N6681	663178	506476	-89.68	0	1	0	0	0	0	0	0	0	 	 	 
NULL	NULL	1075	N1075	626271	506010	0	0	1	1	0	0	0	0	0	0	 	 	 
P44_03	Pick	6690	N6690	663143	508900	90.22	0	1	1	1	0	0	0	0	0	 	 	 
P44_03	Drop	6690	N6690	663143	508900	90.22	0	1	1	1	0	0	0	0	0	 	 	 
NULL	NULL	6691	N6691	663143	507100	89.78	0	1	0	0	0	0	0	0	0	 	 	 
NULL	NULL	1076	N1076	627775	506010	0	0	1	1	0	0	0	0	0	0	 	 	 
P44_06	Pick	6700	N6700	656077	504692	-89.84	0	1	1	1	0	0	0	0	0	 	 	 
P44_06	Drop	6700	N6700	656077	504692	-89.84	0	1	1	1	0	0	0	0	0	 	 	 
NULL	NULL	6701	N6701	656072	506476	-89.84	0	1	0	0	0	0	0	0	0	 	 	 
NULL	NULL	1077	N1077	629352	506010	0	0	1	1	0	0	0	0	0	0	 	 	 
P44_05	Pick	6710	N6710	656020	508900	90.32	0	1	1	1	0	0	0	0	0	 	 	 
P44_05	Drop	6710	N6710	656020	508900	90.32	0	1	1	1	0	0	0	0	0	 	 	 
NULL	NULL	6711	N6711	656030	507100	90.32	0	1	0	0	0	0	0	0	0	 	 	 
NULL	NULL	1078	N1078	633385	506010	0	0	1	1	0	0	0	0	0	0	 	 	 
P44_08	Pick	6720	N6720	634920	504692	-89.52	0	1	1	1	0	0	0	0	0	 	 	 
P44_08	Drop	6720	N6720	634920	504692	-89.52	0	1	1	1	0	0	0	0	0	 	 	 
NULL	NULL	6721	N6721	634905	506476	-89.52	0	1	0	0	0	0	0	0	0	 	 	 
NULL	NULL	1079	N1079	634889	506010	0	0	1	1	0	0	0	0	0	0	 	 	 
P44_07	Pick	6730	N6730	634868	508899	90	0	1	1	1	0	0	0	0	0	 	 	 
P44_07	Drop	6730	N6730	634868	508899	90	0	1	1	1	0	0	0	0	0	 	 	 
NULL	NULL	6731	N6731	634868	507100	90	0	1	0	0	0	0	0	0	0	 	 	 
NULL	NULL	1080	N1080	636466	506010	0	0	1	1	0	0	0	0	0	0	 	 	 
P44_10	Pick	6740	N6740	627808	504692	-88.97	0	1	1	1	0	0	0	0	0	 	 	 
P44_10	Drop	6740	N6740	627808	504692	-88.97	0	1	1	1	0	0	0	0	0	 	 	 
NULL	NULL	6741	N6741	627776	506476	-88.97	0	1	0	0	0	0	0	0	0	 	 	 
NULL	NULL	1081	N1081	654529	506010	0	0	1	1	0	0	0	0	0	0	 	 	 
P44_09	Pick	6750	N6750	627750	508896	90	0	1	1	1	0	0	0	0	0	 	 	 
P44_09	Drop	6750	N6750	627750	508896	90	0	1	1	1	0	0	0	0	0	 	 	 
NULL	NULL	6751	N6751	627750	507106	90	0	1	0	0	0	0	0	0	0	 	 	 
NULL	NULL	1082	N1082	656033	506010	0	0	1	1	0	0	0	0	0	0	 	 	 
NULL	NULL	6760	N6760	620693	504692	-90	0	1	1	0	0	0	0	0	0	 	 	 
NULL	NULL	6761	N6761	620694	505940	-90	0	1	0	0	0	0	0	0	0	 	 	 
NULL	NULL	1083	N1083	657610	506010	0	0	1	1	0	0	0	0	0	0	 	 	 
P44_11	Pick	6770	N6770	620634	508900	90.32	0	1	1	1	0	0	0	0	0	 	 	 
P44_11	Drop	6770	N6770	620634	508900	90.32	0	1	1	1	0	0	0	0	0	 	 	 
NULL	NULL	6771	N6771	620644	507100	90.32	0	1	0	0	0	0	0	0	0	 	 	 
NULL	NULL	1084	N1084	661652	506010	0	0	1	1	0	0	0	0	0	0	 	 	 
WASTE_44_2	Pick	6780	N6780	670850	509655	180	0	1	1	0	0	0	0	0	0	 	 	 
WASTE_44_2	Drop	6780	N6780	670850	509655	180	0	1	1	0	0	0	0	0	0	 	 	 
NULL	NULL	6781	N6781	672773	509655	180	0	1	0	1	0	0	0	0	0	 	 	 
NULL	NULL	1085	N1085	663156	506010	0	0	1	1	0	0	0	0	0	0	 	 	 
CORE_44_3	Pick	6790	N6790	664300	509638	180	0	1	1	0	0	0	0	0	0	 	 	 
CORE_44_3	Drop	6790	N6790	664300	509638	180	0	1	1	0	0	0	0	0	0	 	 	 
NULL	NULL	6791	N6791	665900	509638	180	0	1	0	0	0	0	0	0	0	 	 	 
NULL	NULL	1086	N1086	664733	506010	0	0	1	1	0	0	0	0	0	0	 	 	 
WASTE_44_5	Pick	6800	N6800	657150	509658	180	0	1	1	0	0	0	0	0	0	 	 	 
WASTE_44_5	Drop	6800	N6800	657150	509658	180	0	1	1	0	0	0	0	0	0	 	 	 
NULL	NULL	6801	N6801	658900	509658	180	0	1	0	1	0	0	0	0	0	 	 	 
NULL	NULL	1087	N1087	668762	506010	0	0	1	1	0	0	0	0	0	0	 	 	 
CORE_44_8	Pick	6810	N6810	633820	509648	0	0	1	1	0	0	0	0	0	0	 	 	 
CORE_44_8	Drop	6810	N6810	633820	509648	0	0	1	1	0	0	0	0	0	0	 	 	 
NULL	NULL	6811	N6811	632280	509648	0	0	1	0	1	0	0	0	0	0	 	 	 
NULL	NULL	1088	N1088	670266	506010	0	0	1	1	0	0	0	0	0	0	 	 	 
WASTE_44_10	Pick	6820	N6820	626760	509668	0	0	1	1	0	0	0	0	0	0	 	 	 
WASTE_44_10	Drop	6820	N6820	626760	509668	0	0	1	1	0	0	0	0	0	0	 	 	 
NULL	NULL	6821	N6821	625160	509668	0	0	1	0	1	0	0	0	0	0	 	 	 
NULL	NULL	1089	N1089	671843	506010	0	0	1	1	0	0	0	0	0	0	 	 	 
CORE_44_11	Pick	6830	N6830	619682	509648	0	0	1	1	0	0	0	0	0	0	 	 	 
CORE_44_11	Drop	6830	N6830	619682	509648	0	0	1	1	0	0	0	0	0	0	 	 	 
NULL	NULL	6831	N6831	618082	509648	0	0	1	0	1	0	0	0	0	0	 	 	 
NULL	NULL	1090	N1090	516797	489782	0	0	1	1	0	0	0	0	0	0	 	 	 
LANE_200	Pick	7010	N7010	626818	526650	-89.95	0	1	1	1	0	0	0	0	0	 	 	 
LANE_200	Drop	7010	N7010	626818	526650	-89.95	0	1	1	1	0	0	0	0	0	 	 	 
NULL	NULL	7011	N7011	626806	539100	-89.95	0	1	0	0	0	0	0	0	0	 	 	 
NULL	NULL	1091	N1091	517294	489782	0	0	1	1	0	0	0	0	0	0	 	 	 
LANE_201	Pick	7020	N7020	629483	526650	-89.92	0	1	1	1	0	0	0	0	0	 	 	 
LANE_201	Drop	7020	N7020	629483	526650	-89.92	0	1	1	1	0	0	0	0	0	 	 	 
NULL	NULL	7021	N7021	629465	539100	-89.92	0	1	0	0	0	0	0	0	0	 	 	 
NULL	NULL	1092	N1092	518681	489782	0	0	1	1	0	0	0	0	0	0	 	 	 
LANE_202	Pick	7030	N7030	631369	526650	-89.9	0	1	1	1	0	0	0	0	0	 	 	 
LANE_202	Drop	7030	N7030	631369	526650	-89.9	0	1	1	1	0	0	0	0	0	 	 	 
NULL	NULL	7031	N7031	631347	539100	-89.9	0	1	0	0	0	0	0	0	0	 	 	 
NULL	NULL	1093	N1093	519178	489782	0	0	1	1	0	0	0	0	0	0	 	 	 
LANE_203	Pick	7040	N7040	633258	526650	-89.82	0	1	1	1	0	0	0	0	0	 	 	 
LANE_203	Drop	7040	N7040	633258	526650	-89.82	0	1	1	1	0	0	0	0	0	 	 	 
NULL	NULL	7041	N7041	633218	539100	-89.82	0	1	0	0	0	0	0	0	0	 	 	 
NULL	NULL	1094	N1094	520560	489782	0	0	1	1	0	0	0	0	0	0	 	 	 
LANE_204	Pick	7050	N7050	635588	526650	-89.92	0	1	1	1	0	0	0	0	0	 	 	 
LANE_204	Drop	7050	N7050	635588	526650	-89.92	0	1	1	1	0	0	0	0	0	 	 	 
NULL	NULL	7051	N7051	635570	539100	-89.92	0	1	0	0	0	0	0	0	0	 	 	 
NULL	NULL	1095	N1095	521057	489782	0	0	1	1	0	0	0	0	0	0	 	 	 
LANE_205	Pick	7060	N7060	637462	526650	-89.98	0	1	1	1	0	0	0	0	0	 	 	 
LANE_205	Drop	7060	N7060	637462	526650	-89.98	0	1	1	1	0	0	0	0	0	 	 	 
NULL	NULL	7061	N7061	637458	539100	-89.98	0	1	0	0	0	0	0	0	0	 	 	 
NULL	NULL	1096	N1096	522446	489782	0	0	1	1	0	0	0	0	0	0	 	 	 
LANE_206	Pick	7070	N7070	639330	526650	-90	0	1	1	1	0	0	0	0	0	 	 	 
LANE_206	Drop	7070	N7070	639330	526650	-90	0	1	1	1	0	0	0	0	0	 	 	 
NULL	NULL	7071	N7071	639330	539100	-90	0	1	0	0	0	0	0	0	0	 	 	 
NULL	NULL	1097	N1097	522943	489782	0	0	1	1	0	0	0	0	0	0	 	 	 
LANE_207	Pick	7080	N7080	643817	526650	-89.94	0	1	1	1	0	0	0	0	0	 	 	 
LANE_207	Drop	7080	N7080	643817	526650	-89.94	0	1	1	1	0	0	0	0	0	 	 	 
NULL	NULL	7081	N7081	643804	539100	-89.94	0	1	0	0	0	0	0	0	0	 	 	 
NULL	NULL	1098	N1098	524305	489782	0	0	1	1	0	0	0	0	0	0	 	 	 
LANE_208	Pick	7090	N7090	645691	526750	-89.91	0	1	1	1	0	0	0	0	0	 	 	 
LANE_208	Drop	7090	N7090	645691	526750	-89.91	0	1	1	1	0	0	0	0	0	 	 	 
NULL	NULL	7091	N7091	645672	539100	-89.91	0	1	0	0	0	0	0	0	0	 	 	 
NULL	NULL	1099	N1099	524802	489782	0	0	1	1	0	0	0	0	0	0	 	 	 
LANE_209	Pick	7100	N7100	648031	526750	-90.01	0	1	1	1	0	0	0	0	0	 	 	 
LANE_209	Drop	7100	N7100	648031	526750	-90.01	0	1	1	1	0	0	0	0	0	 	 	 
NULL	NULL	7101	N7101	648033	539100	-90.01	0	1	0	0	0	0	0	0	0	 	 	 
NULL	NULL	1100	N1100	526204	489782	0	0	1	1	0	0	0	0	0	0	 	 	 
LANE_210	Pick	7110	N7110	649911	526750	-89.97	0	1	1	1	0	0	0	0	0	 	 	 
LANE_210	Drop	7110	N7110	649911	526750	-89.97	0	1	1	1	0	0	0	0	0	 	 	 
NULL	NULL	7111	N7111	649904	539100	-89.97	0	1	0	0	0	0	0	0	0	 	 	 
NULL	NULL	1101	N1101	526701	489782	0	0	1	1	0	0	0	0	0	0	 	 	 
LANE_211	Pick	7120	N7120	651794	526750	-89.93	0	1	1	1	0	0	0	0	0	 	 	 
LANE_211	Drop	7120	N7120	651794	526750	-89.93	0	1	1	1	0	0	0	0	0	 	 	 
NULL	NULL	7121	N7121	651779	539100	-89.93	0	1	0	0	0	0	0	0	0	 	 	 
NULL	NULL	1102	N1102	528071	489782	0	0	1	1	0	0	0	0	0	0	 	 	 
LANE_212	Pick	7130	N7130	654832	526750	-90.1	0	1	1	1	0	0	0	0	0	 	 	 
LANE_212	Drop	7130	N7130	654832	526750	-90.1	0	1	1	1	0	0	0	0	0	 	 	 
NULL	NULL	7131	N7131	654853	539100	-90.1	0	1	0	0	0	0	0	0	0	 	 	 
NULL	NULL	1103	N1103	528568	489782	0	0	1	1	0	0	0	0	0	0	 	 	 
LANE_316	Pick	7140	N7140	651915	501610	90	0	1	0	1	0	0	0	0	0	 	 	 
LANE_316	Drop	7140	N7140	651915	501610	90	0	1	0	1	0	0	0	0	0	 	 	 
NULL	NULL	7141	N7141	651915	499715	90	0	1	0	0	0	0	0	0	0	 	 	 
NULL	NULL	1104	N1104	529957	489782	0	0	1	1	0	0	0	0	0	0	 	 	 
LANE_315	Pick	7150	N7150	650038	501610	90	0	1	0	1	0	0	0	0	0	 	 	 
LANE_315	Drop	7150	N7150	650038	501610	90	0	1	0	1	0	0	0	0	0	 	 	 
NULL	NULL	7151	N7151	650038	499600	90	0	1	0	0	0	0	0	0	0	 	 	 
NULL	NULL	1105	N1105	530454	489782	0	0	1	1	0	0	0	0	0	0	 	 	 
LANE_314	Pick	7160	N7160	648145	501610	90	0	1	0	1	0	0	0	0	0	 	 	 
LANE_314	Drop	7160	N7160	648145	501610	90	0	1	0	1	0	0	0	0	0	 	 	 
NULL	NULL	7161	N7161	648145	499600	90	0	1	0	0	0	0	0	0	0	 	 	 
NULL	NULL	1106	N1106	531829	489782	0	0	1	1	0	0	0	0	0	0	 	 	 
LANE_313	Pick	7170	N7170	646282	501610	90	0	1	0	1	0	0	0	0	0	 	 	 
LANE_313	Drop	7170	N7170	646282	501610	90	0	1	0	1	0	0	0	0	0	 	 	 
NULL	NULL	7171	N7171	646282	499600	90	0	1	0	0	0	0	0	0	0	 	 	 
NULL	NULL	1107	N1107	532326	489782	0	0	1	1	0	0	0	0	0	0	 	 	 
LANE_312	Pick	7180	N7180	644405	501610	90	0	1	0	1	0	0	0	0	0	 	 	 
LANE_312	Drop	7180	N7180	644405	501610	90	0	1	0	1	0	0	0	0	0	 	 	 
NULL	NULL	7181	N7181	644405	499600	90	0	1	0	0	0	0	0	0	0	 	 	 
NULL	NULL	1108	N1108	533567	489782	0	0	1	1	0	0	0	0	0	0	 	 	 
LANE_311	Pick	7190	N7190	642520	501610	90	0	1	0	1	0	0	0	0	0	 	 	 
LANE_311	Drop	7190	N7190	642520	501610	90	0	1	0	1	0	0	0	0	0	 	 	 
NULL	NULL	7191	N7191	642520	499600	90	0	1	0	0	0	0	0	0	0	 	 	 
NULL	NULL	1109	N1109	534064	489782	0	0	1	1	0	0	0	0	0	0	 	 	 
LANE_310	Pick	7200	N7200	639120	501610	90	0	1	0	1	0	0	0	0	0	 	 	 
LANE_310	Drop	7200	N7200	639120	501610	90	0	1	0	1	0	0	0	0	0	 	 	 
NULL	NULL	7201	N7201	639120	499350	90	0	1	0	0	0	0	0	0	0	 	 	 
NULL	NULL	1110	N1110	535603	489782	0	0	1	1	0	0	0	0	0	0	 	 	 
LANE_309	Pick	7210	N7210	637230	501610	90	0	1	0	1	0	0	0	0	0	 	 	 
LANE_309	Drop	7210	N7210	637230	501610	90	0	1	0	1	0	0	0	0	0	 	 	 
NULL	NULL	7211	N7211	637230	499350	90	0	1	0	0	0	0	0	0	0	 	 	 
NULL	NULL	1111	N1111	536100	489782	0	0	1	1	0	0	0	0	0	0	 	 	 
LANE_308A	Pick	7220	N7220	635358	501350	89.89	0	1	1	1	0	0	0	0	0	 	 	 
LANE_308A	Drop	7220	N7220	635358	501350	89.89	0	1	1	1	0	0	0	0	0	 	 	 
LANE_308B	Pick	7220	N7220	635358	501350	89.89	0	1	1	1	0	0	0	0	0	 	 	 
LANE_308B	Drop	7220	N7220	635358	501350	89.89	0	1	1	1	0	0	0	0	0	 	 	 
NULL	NULL	7221	N7221	635354	499350	89.89	0	1	0	0	0	0	0	0	0	 	 	 
NULL	NULL	1112	N1112	537478	489782	0	0	1	1	0	0	0	0	0	0	 	 	 
LANE_307A	Pick	7230	N7230	633485	501350	89.57	0	1	1	1	0	0	0	0	0	 	 	 
LANE_307A	Drop	7230	N7230	633485	501350	89.57	0	1	1	1	0	0	0	0	0	 	 	 
LANE_307B	Pick	7230	N7230	633485	501350	89.57	0	1	1	1	0	0	0	0	0	 	 	 
LANE_307B	Drop	7230	N7230	633485	501350	89.57	0	1	1	1	0	0	0	0	0	 	 	 
NULL	NULL	7231	N7231	633470	499350	89.57	0	1	0	0	0	0	0	0	0	 	 	 
NULL	NULL	1113	N1113	537975	489782	0	0	1	1	0	0	0	0	0	0	 	 	 
LANE_306A	Pick	7240	N7240	631585	501610	90	0	1	0	1	0	0	0	0	0	 	 	 
LANE_306A	Drop	7240	N7240	631585	501610	90	0	1	0	1	0	0	0	0	0	 	 	 
LANE_306B	Pick	7240	N7240	631585	501610	90	0	1	0	1	0	0	0	0	0	 	 	 
LANE_306B	Drop	7240	N7240	631585	501610	90	0	1	0	1	0	0	0	0	0	 	 	 
NULL	NULL	7241	N7241	631585	499350	90	0	1	0	0	0	0	0	0	0	 	 	 
NULL	NULL	1114	N1114	539359	489782	0	0	1	1	0	0	0	0	0	0	 	 	 
LANE_305A	Pick	7250	N7250	629705	501610	90	0	1	0	1	0	0	0	0	0	 	 	 
LANE_305A	Drop	7250	N7250	629705	501610	90	0	1	0	1	0	0	0	0	0	 	 	 
LANE_305B	Pick	7250	N7250	629705	501610	90	0	1	0	1	0	0	0	0	0	 	 	 
LANE_305B	Drop	7250	N7250	629705	501610	90	0	1	0	1	0	0	0	0	0	 	 	 
NULL	NULL	7251	N7251	629705	499350	90	0	1	0	0	0	0	0	0	0	 	 	 
NULL	NULL	1115	N1115	539856	489782	0	0	1	1	0	0	0	0	0	0	 	 	 
LANE_304A	Pick	7260	N7260	626497	501350	89.37	0	1	1	1	0	0	0	0	0	 	 	 
LANE_304A	Drop	7260	N7260	626497	501350	89.37	0	1	1	1	0	0	0	0	0	 	 	 
LANE_304B	Pick	7260	N7260	626497	501350	89.37	0	1	1	1	0	0	0	0	0	 	 	 
LANE_304B	Drop	7260	N7260	626497	501350	89.37	0	1	1	1	0	0	0	0	0	 	 	 
NULL	NULL	7261	N7261	626475	499350	89.37	0	1	0	0	0	0	0	0	0	 	 	 
NULL	NULL	1116	N1116	541235	489782	0	0	1	1	0	0	0	0	0	0	 	 	 
LANE_303A	Pick	7270	N7270	624590	501610	90	0	1	0	1	0	0	0	0	0	 	 	 
LANE_303A	Drop	7270	N7270	624590	501610	90	0	1	0	1	0	0	0	0	0	 	 	 
LANE_303B	Pick	7270	N7270	624590	501610	90	0	1	0	1	0	0	0	0	0	 	 	 
LANE_303B	Drop	7270	N7270	624590	501610	90	0	1	0	1	0	0	0	0	0	 	 	 
NULL	NULL	7271	N7271	624590	499350	90	0	1	0	0	0	0	0	0	0	 	 	 
NULL	NULL	1117	N1117	541732	489782	0	0	1	1	0	0	0	0	0	0	 	 	 
LANE_302A	Pick	7280	N7280	622708	501610	90	0	1	0	1	0	0	0	0	0	 	 	 
LANE_302A	Drop	7280	N7280	622708	501610	90	0	1	0	1	0	0	0	0	0	 	 	 
LANE_302B	Pick	7280	N7280	622708	501610	90	0	1	0	1	0	0	0	0	0	 	 	 
LANE_302B	Drop	7280	N7280	622708	501610	90	0	1	0	1	0	0	0	0	0	 	 	 
NULL	NULL	7281	N7281	622708	499322	90	0	1	0	0	0	0	0	0	0	 	 	 
NULL	NULL	1118	N1118	543116	489782	0	0	1	1	0	0	0	0	0	0	 	 	 
LANE_301A	Pick	7290	N7290	620855	501350	89.43	0	1	1	1	0	0	0	0	0	 	 	 
LANE_301A	Drop	7290	N7290	620855	501350	89.43	0	1	1	1	0	0	0	0	0	 	 	 
LANE_301B	Pick	7290	N7290	620855	501350	89.43	0	1	1	1	0	0	0	0	0	 	 	 
LANE_301B	Drop	7290	N7290	620855	501350	89.43	0	1	1	1	0	0	0	0	0	 	 	 
NULL	NULL	7291	N7291	620835	499350	89.43	0	1	0	0	0	0	0	0	0	 	 	 
NULL	NULL	1119	N1119	543613	489782	0	0	1	1	0	0	0	0	0	0	 	 	 
NULL	NULL	7362	N7362	551794	497520	0	0	1	1	0	2780	0	0	0	0	 	 	 
NULL	NULL	7372	N7372	549918	497520	0	0	1	1	0	0	0	0	0	0	 	 	 
NULL	NULL	1120	N1120	490712	483228	0	0	1	1	0	0	0	0	0	0	 	 	 
LANE_122	Pick	7310	N7310	561193	497400	90.14	0	1	1	1	0	0	0	0	0	 	 	 
LANE_122	Drop	7310	N7310	561193	497400	90.14	0	1	1	1	0	0	0	0	0	 	 	 
NULL	NULL	7311	N7311	561212	489500	90.14	0	1	0	0	0	0	0	0	0	 	 	 
NULL	NULL	1121	N1121	496376	483242	0	0	1	1	0	0	0	0	0	0	 	 	 
NULL	NULL	7313	N7313	561193	500300	90	0	1	1	0	0	0	0	0	0	 	 	 
LANE_121	Pick	7320	N7320	559300	497400	90.28	0	1	1	1	0	0	0	0	0	 	 	 
LANE_121	Drop	7320	N7320	559300	497400	90.28	0	1	1	1	0	0	0	0	0	 	 	 
NULL	NULL	7321	N7321	559339	489500	90.28	0	1	0	0	0	0	0	0	0	 	 	 
NULL	NULL	1122	N1122	502084	483245	0	0	1	1	0	0	0	0	0	0	 	 	 
NULL	NULL	7323	N7323	559300	500000	90	0	1	1	0	0	0	0	0	0	 	 	 
LANE_120	Pick	7330	N7330	557429	497400	90.17	0	1	1	1	0	0	0	0	0	 	 	 
LANE_120	Drop	7330	N7330	557429	497400	90.17	0	1	1	1	0	0	0	0	0	 	 	 
NULL	NULL	7331	N7331	557452	489500	90.17	0	1	0	0	0	0	0	0	0	 	 	 
NULL	NULL	1123	N1123	547771	488774	0	0	1	1	0	0	0	0	0	0	 	 	 
NULL	NULL	7333	N7333	557429	500000	90	0	1	1	0	0	0	0	0	0	 	 	 
LANE_119	Pick	7340	N7340	555546	497400	90.17	0	1	1	1	0	0	0	0	0	 	 	 
LANE_119	Drop	7340	N7340	555546	497400	90.17	0	1	1	1	0	0	0	0	0	 	 	 
NULL	NULL	7341	N7341	555569	489500	90.17	0	1	0	0	0	0	0	0	0	 	 	 
NULL	NULL	1124	N1124	548268	488774	0	0	1	1	0	0	0	0	0	0	 	 	 
NULL	NULL	7343	N7343	555546	500300	90	0	1	1	0	0	0	0	0	0	 	 	 
LANE_118	Pick	7350	N7350	553673	497400	90.12	0	1	1	1	0	0	0	0	0	 	 	 
LANE_118	Drop	7350	N7350	553673	497400	90.12	0	1	1	1	0	0	0	0	0	 	 	 
NULL	NULL	7351	N7351	553689	489500	90.12	0	1	0	0	0	0	0	0	0	 	 	 
NULL	NULL	1125	N1125	549646	488774	0	0	1	1	0	0	0	0	0	0	 	 	 
NULL	NULL	7353	N7353	553673	500000	90	0	1	1	0	0	0	0	0	0	 	 	 
LANE_117	Pick	7360	N7360	551794	497520	90.04	0	1	1	1	0	0	0	0	0	 	 	 
LANE_117	Drop	7360	N7360	551794	497520	90.04	0	1	1	1	0	0	0	0	0	 	 	 
NULL	NULL	7361	N7361	551800	489500	90.11	0	1	0	0	0	0	0	0	0	 	 	 
NULL	NULL	1126	N1126	550143	488774	0	0	1	1	0	0	0	0	0	0	 	 	 
NULL	NULL	7422	N7422	537725	497520	0	0	1	1	0	2780	0	0	0	0	 	 	 
LANE_116	Pick	7370	N7370	549918	497520	90.02	0	1	1	1	0	0	0	0	0	 	 	 
LANE_116	Drop	7370	N7370	549918	497520	90.02	0	1	1	1	0	0	0	0	0	 	 	 
NULL	NULL	7371	N7371	549921	489500	90.02	0	1	0	0	0	0	0	0	0	 	 	 
NULL	NULL	1127	N1127	551525	488774	0	0	1	1	0	0	0	0	0	0	 	 	 
NULL	NULL	7373	N7373	549918	500000	90	0	1	1	0	0	0	0	0	0	 	 	 
LANE_115	Pick	7380	N7380	548037	497400	90.04	0	1	1	1	0	0	0	0	0	 	 	 
LANE_115	Drop	7380	N7380	548037	497400	90.04	0	1	1	1	0	0	0	0	0	 	 	 
NULL	NULL	7381	N7381	548042	489500	90.04	0	1	0	0	0	0	0	0	0	 	 	 
NULL	NULL	1128	N1128	552022	488774	0	0	1	1	0	0	0	0	0	0	 	 	 
NULL	NULL	7383	N7383	548037	500000	90	0	1	1	0	0	0	0	0	0	 	 	 
LANE_114	Pick	7390	N7390	543386	497400	90.03	0	1	1	1	0	0	0	0	0	 	 	 
LANE_114	Drop	7390	N7390	543386	497400	90.03	0	1	1	1	0	0	0	0	0	 	 	 
NULL	NULL	7391	N7391	543390	489500	90.03	0	1	0	0	0	0	0	0	0	 	 	 
NULL	NULL	1129	N1129	553403	488774	0	0	1	1	0	0	0	0	0	0	 	 	 
NULL	NULL	7393	N7393	543386	500000	90	0	1	1	0	0	0	0	0	0	 	 	 
LANE_113	Pick	7400	N7400	541505	497400	90.12	0	1	1	1	7372	0	0	0	0	 	 	 
LANE_113	Drop	7400	N7400	541505	497400	90.12	0	1	1	1	7372	0	0	0	0	 	 	 
NULL	NULL	7401	N7401	541521	489500	90.12	0	1	0	0	0	0	0	0	0	 	 	 
NULL	NULL	1130	N1130	553900	488774	0	0	1	1	0	0	0	0	0	0	 	 	 
NULL	NULL	7403	N7403	541505	500000	90	0	1	1	0	0	0	0	0	0	 	 	 
LANE_112	Pick	7410	N7410	539617	497400	90.15	0	1	1	1	0	0	0	0	0	 	 	 
LANE_112	Drop	7410	N7410	539617	497400	90.15	0	1	1	1	0	0	0	0	0	 	 	 
NULL	NULL	7411	N7411	539638	489500	90.15	0	1	0	0	0	0	0	0	0	 	 	 
NULL	NULL	1131	N1131	555291	488774	0	0	1	1	0	0	0	0	0	0	 	 	 
LANE_111	Pick	7420	N7420	537725	497520	90.16	0	1	1	1	0	0	0	0	0	 	 	 
LANE_111	Drop	7420	N7420	537725	497520	90.16	0	1	1	1	0	0	0	0	0	 	 	 
NULL	NULL	7421	N7421	537748	489500	90.16	0	1	0	0	0	0	0	0	0	 	 	 
NULL	NULL	1132	N1132	555788	488774	0	0	1	1	0	0	0	0	0	0	 	 	 
LANE_110	Pick	7430	N7430	535865	497520	90.19	0	1	1	1	0	0	0	0	0	 	 	 
LANE_110	Drop	7430	N7430	535865	497520	90.19	0	1	1	1	0	0	0	0	0	 	 	 
NULL	NULL	7431	N7431	535891	489500	90.15	0	1	0	0	0	0	0	0	0	 	 	 
NULL	NULL	1133	N1133	557161	488774	0	0	1	1	0	0	0	0	0	0	 	 	 
NULL	NULL	7433	N7433	535862	500000	90	0	1	1	0	0	0	0	0	0	 	 	 
LANE_109	Pick	7440	N7440	533977	497400	90.18	0	1	1	1	0	0	0	0	0	 	 	 
LANE_109	Drop	7440	N7440	533977	497400	90.18	0	1	1	1	0	0	0	0	0	 	 	 
NULL	NULL	7441	N7441	534002	489500	90.18	0	1	0	0	0	0	0	0	0	 	 	 
NULL	NULL	1134	N1134	557658	488774	0	0	1	1	0	0	0	0	0	0	 	 	 
NULL	NULL	7443	N7443	533977	500000	90	0	1	1	0	0	0	0	0	0	 	 	 
LANE_108	Pick	7450	N7450	532090	497400	90.21	0	1	1	1	0	0	0	0	0	 	 	 
LANE_108	Drop	7450	N7450	532090	497400	90.21	0	1	1	1	0	0	0	0	0	 	 	 
NULL	NULL	7451	N7451	532119	489500	90.21	0	1	0	0	0	0	0	0	0	 	 	 
NULL	NULL	1135	N1135	559044	488774	0	0	1	1	0	0	0	0	0	0	 	 	 
NULL	NULL	7453	N7453	532090	500000	90	0	1	1	0	0	0	0	0	0	 	 	 
LANE_107	Pick	7460	N7460	530219	497400	90.11	0	1	1	1	0	0	0	0	0	 	 	 
LANE_107	Drop	7460	N7460	530219	497400	90.11	0	1	1	1	0	0	0	0	0	 	 	 
NULL	NULL	7461	N7461	530234	489500	90.11	0	1	0	0	0	0	0	0	0	 	 	 
NULL	NULL	1136	N1136	559541	488774	0	0	1	1	0	0	0	0	0	0	 	 	 
NULL	NULL	7463	N7463	530217	500000	90	0	1	1	0	0	0	0	0	0	 	 	 
LANE_106	Pick	7470	N7470	528331	497400	90.25	0	1	1	1	0	0	0	0	0	 	 	 
LANE_106	Drop	7470	N7470	528331	497400	90.25	0	1	1	1	0	0	0	0	0	 	 	 
NULL	NULL	7471	N7471	528366	489500	90.25	0	1	0	0	0	0	0	0	0	 	 	 
NULL	NULL	1137	N1137	560928	488774	0	0	1	1	0	0	0	0	0	0	 	 	 
NULL	NULL	7473	N7473	528331	500300	90	0	1	1	0	0	0	0	0	0	 	 	 
LANE_105	Pick	7480	N7480	526471	497520	90.11	0	1	1	1	0	0	0	0	0	 	 	 
LANE_105	Drop	7480	N7480	526471	497520	90.11	0	1	1	1	0	0	0	0	0	 	 	 
NULL	NULL	7481	N7481	526487	489500	90.11	0	1	0	0	0	0	0	0	0	 	 	 
NULL	NULL	1138	N1138	561425	488774	0	0	1	1	0	0	0	0	0	0	 	 	 
LANE_104	Pick	7490	N7490	524585	497520	90.01	0	1	1	1	0	0	0	0	0	 	 	 
LANE_104	Drop	7490	N7490	524585	497520	90.01	0	1	1	1	0	0	0	0	0	 	 	 
NULL	NULL	7491	N7491	524586	489500	90.01	0	1	0	0	0	0	0	0	0	 	 	 
NULL	NULL	7432	N7432	535865	497520	0	0	1	1	0	0	0	0	0	0	 	 	 
LANE_103	Pick	7500	N7500	522705	497400	90.2	0	1	1	1	3560	0	0	0	0	 	 	 
LANE_103	Drop	7500	N7500	522705	497400	90.2	0	1	1	1	3560	0	0	0	0	 	 	 
NULL	NULL	7501	N7501	522732	489500	90.2	0	1	0	0	0	0	0	0	0	 	 	 
NULL	NULL	7482	N7482	526471	497520	0	0	1	1	0	2780	0	0	0	0	 	 	 
NULL	NULL	7503	N7503	522705	500000	90	0	1	1	0	0	0	0	0	0	 	 	 
LANE_102	Pick	7510	N7510	520825	497400	90.04	0	1	1	1	3560	0	0	0	0	 	 	 
LANE_102	Drop	7510	N7510	520825	497400	90.04	0	1	1	1	3560	0	0	0	0	 	 	 
NULL	NULL	7511	N7511	520830	489500	90.04	0	1	0	0	0	0	0	0	0	 	 	 
NULL	NULL	1141	N1141	620579	498554	0	0	1	1	0	0	0	0	0	0	 	 	 
NULL	NULL	7513	N7513	520826	500000	90	0	1	1	0	0	0	0	0	0	 	 	 
LANE_101	Pick	7520	N7520	518947	497400	90.05	0	1	1	1	3560	0	0	0	0	 	 	 
LANE_101	Drop	7520	N7520	518947	497400	90.05	0	1	1	1	3560	0	0	0	0	 	 	 
NULL	NULL	7521	N7521	518954	489500	90.05	0	1	0	0	0	0	0	0	0	 	 	 
NULL	NULL	1142	N1142	621076	498554	0	0	1	1	0	0	0	0	0	0	 	 	 
NULL	NULL	7523	N7523	518948	500000	90	0	1	1	0	0	0	0	0	0	 	 	 
LANE_100	Pick	7530	N7530	517059	497400	90.2	0	1	1	1	3560	0	0	0	0	 	 	 
LANE_100	Drop	7530	N7530	517059	497400	90.2	0	1	1	1	3560	0	0	0	0	 	 	 
NULL	NULL	7531	N7531	517086	489500	90.2	0	1	0	0	0	0	0	0	0	 	 	 
NULL	NULL	1143	N1143	622456	498554	0	0	1	1	0	0	0	0	0	0	 	 	 
NULL	NULL	7533	N7533	517059	500000	90	0	1	1	0	0	0	0	0	0	 	 	 
Emerg_Intro_01	Pick	7540	N7540	483800	510000	0	0	1	1	1	0	0	0	0	0	 	 	 
Emerg_Intro_01	PickDecision	7540	N7540	483800	510000	0	0	1	1	1	0	0	0	0	0	 	 	 
REJECT_01	Drop	7540	N7540	483800	510000	0	0	1	1	1	0	0	0	0	0	 	 	 
REJECT_01	DropDecision	7540	N7540	483800	510000	0	0	1	1	1	0	0	0	0	0	 	 	 
ROLL_INTRO	Pick	7540	N7540	483800	510000	0	0	1	1	1	0	0	0	0	0	 	 	 
ROLL_INTRO	PickDecision	7540	N7540	483800	510000	0	0	1	1	1	0	0	0	0	0	 	 	 
NULL	NULL	7541	N7541	472885	510000	0	0	1	0	0	0	0	0	0	0	 	 	 
NULL	NULL	7543	N7543	487400	509890	0	0	1	1	0	0	0	0	0	0	 	 	 
EmptyWaste_01	Pick	7550	N7550	483800	508343	0	0	1	1	0	0	0	0	0	0	 	 	 
EmptyWaste_01	PickDecision	7550	N7550	483800	508343	0	0	1	1	0	0	0	0	0	0	 	 	 
EmptyWaste_01	Drop	7550	N7550	483800	508343	0	0	1	1	0	0	0	0	0	0	 	 	 
EmptyWaste_01	DropDecision	7550	N7550	483800	508343	0	0	1	1	0	0	0	0	0	0	 	 	 
NULL	NULL	7551	N7551	476400	508343	0	0	1	0	0	0	0	0	0	0	 	 	 
NULL	NULL	7492	N7492	524585	497520	0	0	1	1	0	0	0	0	0	0	 	 	 
EmptyCore_01	Pick	7560	N7560	483800	506616	0	0	1	1	1	0	0	0	0	0	 	 	 
EmptyCore_01	PickDecision	7560	N7560	483800	506616	0	0	1	1	1	0	0	0	0	0	 	 	 
EmptyCore_01	DropDecision	7560	N7560	483800	506616	0	0	1	1	1	0	0	0	0	0	 	 	 
EmptyCore_01	Drop	7560	N7560	483800	506616	0	0	1	1	1	0	0	0	0	0	 	 	 
NULL	NULL	7561	N7561	476400	506616	0	0	1	0	0	0	0	0	0	0	 	 	 
NULL	NULL	7563	N7563	483800	506616	90	0	1	1	0	0	0	0	0	0	 	 	 
EmptyCore_02	DropDecision	7570	N7570	483800	504890	0	0	1	1	1	0	0	0	0	0	 	 	 
EmptyCore_02	Drop	7570	N7570	483800	504890	0	0	1	1	1	0	0	0	0	0	 	 	 
EmptyCore_02	Pick	7570	N7570	483800	504890	0	0	1	1	1	0	0	0	0	0	 	 	 
EmptyCore_02	PickDecision	7570	N7570	483800	504890	0	0	1	1	1	0	0	0	0	0	 	 	 
NULL	NULL	7571	N7571	476400	504890	0	0	1	0	0	0	0	0	0	0	 	 	 
NULL	NULL	7573	N7573	483800	504890	90	0	1	1	0	0	0	0	0	0	 	 	 
FullWaste_01	Drop	7580	N7580	483800	503140	0	0	1	1	1	0	0	0	0	0	 	 	 
FullWaste_01	DropDecision	7580	N7580	483800	503140	0	0	1	1	1	0	0	0	0	0	 	 	 
NULL	NULL	7581	N7581	476400	503140	0	0	1	0	0	0	0	0	0	0	 	 	 
NULL	NULL	7542	N7542	483800	510000	90	0	1	1	0	0	0	0	0	0	 	 	 
NULL	NULL	7554	N7554	483800	508343	90	0	1	1	0	4544	0	0	0	0	 	 	 
NULL	NULL	7585	N7585	486550	502320	180	0	1	1	0	0	0	0	0	0	 	 	 
NULL	NULL	7586	N7586	489200	502320	180	0	0	1	0	0	0	0	0	0	 	 	 
P40_05_06_CtrL	Center	621	N0621	531530	506793	0	0	1	1	0	0	0	0	0	0	 	 	 
P40_05_06_CtrU	Center	621	N0621	531530	506793	0	0	1	1	0	0	0	0	0	0	 	 	 
P40_06_H2	Park	622	N0622	530830	506793	0	0	1	1	0	0	0	0	0	0	 	 	 
P40_07_H1	Park	633	N0633	511077	506833	0	0	1	1	0	0	0	0	0	0	 	 	 
P40_08_R2	Load	634	N0634	508977	506833	0	0	1	1	0	0	0	0	0	0	 	 	 
P40_08_R2	Unload	634	N0634	508977	506833	0	0	1	1	0	0	0	0	0	0	 	 	 
P40_07_R1	Load	635	N0635	511777	506833	0	0	1	1	0	0	0	0	0	0	 	 	 
P40_07_R1	Unload	635	N0635	511777	506833	0	0	1	1	0	0	0	0	0	0	 	 	 
P40_09_10_CtrL	Center	641	N0641	503269	506837	0	0	1	1	0	0	0	0	0	0	 	 	 
P40_09_10_CtrU	Center	641	N0641	503269	506837	0	0	1	1	0	0	0	0	0	0	 	 	 
P40_10_H2	Park	642	N0642	502569	506837	0	0	1	1	0	0	0	0	0	0	 	 	 
P40_09_H1	Park	643	N0643	503969	506837	0	0	1	1	0	0	0	0	0	0	 	 	 
P40_10_R2	Load	644	N0644	501869	506837	0	0	1	1	0	0	0	0	0	0	 	 	 
P40_10_R2	Unload	644	N0644	501869	506837	0	0	1	1	0	0	0	0	0	0	 	 	 
P40_09_R1	Load	645	N0645	504669	506837	0	0	1	1	0	0	0	0	0	0	 	 	 
P40_09_R1	Unload	645	N0645	504669	506837	0	0	1	1	0	0	0	0	0	0	 	 	 
P40_11_CtrL	Center	651	N0651	496140	506801	0	0	1	1	0	0	0	0	0	0	 	 	 
P40_11_CtrU	Center	651	N0651	496140	506801	0	0	1	1	0	0	0	0	0	0	 	 	 
P40_11_H2	Park	652	N0652	495440	506801	0	0	1	1	0	0	0	0	0	0	 	 	 
P40_11_H1	Park	653	N0653	496840	506801	0	0	1	1	0	0	0	0	0	0	 	 	 
NULL	NULL	654	N0654	494740	506801	0	0	1	1	0	0	0	0	0	0	 	 	 
P40_11_R1	Load	655	N0655	497540	506801	0	0	1	1	0	0	0	0	0	0	 	 	 
P40_11_R1	Unload	655	N0655	497540	506801	0	0	1	1	0	0	0	0	0	0	 	 	 
P41_02_CtrL	Center	661	N0661	496141	520583	0	0	1	1	0	0	0	0	0	0	 	 	 
P41_02_CtrU	Center	661	N0661	496141	520583	0	0	1	1	0	0	0	0	0	0	 	 	 
P41_02_H1	Park	662	N0662	495441	520583	0	0	1	1	0	0	0	0	0	0	 	 	 
P41_02_H2	Park	663	N0663	496841	520583	0	0	1	1	0	0	0	0	0	0	 	 	 
NULL	NULL	664	N0664	494741	520583	0	0	1	1	0	0	0	0	0	0	 	 	 
P41_02_R2	Load	665	N0665	497541	520583	0	0	1	1	0	0	0	0	0	0	 	 	 
P41_02_R2	Unload	665	N0665	497541	520583	0	0	1	1	0	0	0	0	0	0	 	 	 
P41_03_04_CtrL	Center	671	N0671	503255	520626	0	0	1	1	0	0	0	0	0	0	 	 	 
P41_03_04_CtrU	Center	671	N0671	503255	520626	0	0	1	1	0	0	0	0	0	0	 	 	 
P41_03_H1	Park	672	N0672	502555	520626	0	0	1	1	0	0	0	0	0	0	 	 	 
P41_04_H2	Park	673	N0673	503955	520626	0	0	1	1	0	0	0	0	0	0	 	 	 
P41_03_R1	Load	674	N0674	501855	520626	0	0	1	1	0	0	0	0	0	0	 	 	 
P41_03_R1	Unload	674	N0674	501855	520626	0	0	1	1	0	0	0	0	0	0	 	 	 
P41_04_R2	Load	675	N0675	504655	520626	0	0	1	1	0	0	0	0	0	0	 	 	 
P41_04_R2	Unload	675	N0675	504655	520626	0	0	1	1	0	0	0	0	0	0	 	 	 
P41_05_06_CtrL	Center	681	N0681	510356	520625	0	0	1	1	0	0	0	0	0	0	 	 	 
P41_05_06_CtrU	Center	681	N0681	510356	520625	0	0	1	1	0	0	0	0	0	0	 	 	 
P41_05_H1	Park	682	N0682	509656	520625	0	0	1	1	0	0	0	0	0	0	 	 	 
P41_06_H2	Park	683	N0683	511056	520625	0	0	1	1	0	0	0	0	0	0	 	 	 
P41_05_R1	Load	684	N0684	508956	520625	0	0	1	1	0	0	0	0	0	0	 	 	 
P41_05_R1	Unload	684	N0684	508956	520625	0	0	1	1	0	0	0	0	0	0	 	 	 
P41_06_R2	Load	685	N0685	511756	520625	0	0	1	1	0	0	0	0	0	0	 	 	 
P41_06_R2	Unload	685	N0685	511756	520625	0	0	1	1	0	0	0	0	0	0	 	 	 
P41_07_08_CtrL	Center	691	N0691	531518	520523	0	0	1	1	0	0	0	0	0	0	 	 	 
P41_07_08_CtrU	Center	691	N0691	531518	520523	0	0	1	1	0	0	0	0	0	0	 	 	 
P41_07_H1	Park	692	N0692	530818	520523	0	0	1	1	0	0	0	0	0	0	 	 	 
P41_08_H2	Park	693	N0693	532218	520523	0	0	1	1	0	0	0	0	0	0	 	 	 
P41_07_R1	Load	694	N0694	530118	520523	0	0	1	1	0	0	0	0	0	0	 	 	 
P41_07_R1	Unload	694	N0694	530118	520523	0	0	1	1	0	0	0	0	0	0	 	 	 
P41_08_R2	Load	695	N0695	532918	520523	0	0	1	1	0	0	0	0	0	0	 	 	 
P41_08_R2	Unload	695	N0695	532918	520523	0	0	1	1	0	0	0	0	0	0	 	 	 
P41_09_10_CtrL	Center	701	N0701	538630	520638	0	0	1	1	0	0	0	0	0	0	 	 	 
P41_09_10_CtrU	Center	701	N0701	538630	520638	0	0	1	1	0	0	0	0	0	0	 	 	 
P41_09_H1	Park	702	N0702	537930	520638	0	0	1	1	0	0	0	0	0	0	 	 	 
P41_10_H2	Park	703	N0703	539330	520638	0	0	1	1	0	0	0	0	0	0	 	 	 
P41_09_R1	Load	704	N0704	537230	520638	0	0	1	1	0	0	0	0	0	0	 	 	 
P41_09_R1	Unload	704	N0704	537230	520638	0	0	1	1	0	0	0	0	0	0	 	 	 
P41_10_R2	Load	705	N0705	540030	520638	0	0	1	1	0	0	0	0	0	0	 	 	 
P41_10_R2	Unload	705	N0705	540030	520638	0	0	1	1	0	0	0	0	0	0	 	 	 
P41_11_CtrL	Center	711	N0711	545735	520617	0	0	1	1	0	0	0	0	0	0	 	 	 
P41_11_CtrU	Center	711	N0711	545735	520617	0	0	1	1	0	0	0	0	0	0	 	 	 
P41_11_H1	Park	712	N0712	545035	520617	0	0	1	1	0	0	0	0	0	0	 	 	 
P41_11_H2	Park	713	N0713	546435	520617	0	0	1	1	0	0	0	0	0	0	 	 	 
P41_11_R1	Load	714	N0714	544335	520617	0	0	1	1	0	0	0	0	0	0	 	 	 
P41_11_R1	Unload	714	N0714	544335	520617	0	0	1	1	0	0	0	0	0	0	 	 	 
Park_P41_02	Park	9001	N9001	493602	520572	-90	0	1	1	0	0	0	0	0	0	 	 	 
NULL	NULL	9002	N9002	493602	517629	-90	0	1	1	0	0	0	0	0	0	 	 	 
NULL	NULL	715	N0715	547135	520617	0	0	1	1	0	0	0	0	0	0	 	 	 
P42_02_CtrL	Center	721	N0721	608006	506795	0	0	1	1	0	0	0	0	0	0	 	 	 
P42_02_CtrU	Center	721	N0721	608006	506795	0	0	1	1	0	0	0	0	0	0	 	 	 
NULL	NULL	7582	N7582	483800	503140	90	0	1	1	0	0	0	0	0	0	 	 	 
NULL	NULL	9011	N9011	546131	496443	-90	0	1	1	0	0	0	0	0	0	 	 	 
P42_02_H2	Park	722	N0722	607306	506795	0	0	1	1	0	0	0	0	0	0	 	 	 
P42_02_H1	Park	723	N0723	608706	506795	0	0	1	1	0	0	0	0	0	0	 	 	 
P42_02_R2	Load	724	N0724	606606	506795	0	0	1	1	0	0	0	0	0	0	 	 	 
P42_02_R2	Unload	724	N0724	606606	506795	0	0	1	1	0	0	0	0	0	0	 	 	 
NULL	NULL	725	N0725	609406	506795	0	0	1	1	0	0	0	0	0	0	 	 	 
P42_03_04_CtrL	Center	731	N0731	600891	506795	0	0	1	1	0	0	0	0	0	0	 	 	 
P42_03_04_CtrU	Center	731	N0731	600891	506795	0	0	1	1	0	0	0	0	0	0	 	 	 
P42_04_H2	Park	732	N0732	600191	506795	0	0	1	1	0	0	0	0	0	0	 	 	 
P42_03_H1	Park	733	N0733	601591	506795	0	0	1	1	0	0	0	0	0	0	 	 	 
P42_04_R2	Load	734	N0734	599491	506795	0	0	1	1	0	0	0	0	0	0	 	 	 
P42_04_R2	Unload	734	N0734	599491	506795	0	0	1	1	0	0	0	0	0	0	 	 	 
P42_03_R1	Load	735	N0735	602291	506795	0	0	1	1	0	0	0	0	0	0	 	 	 
P42_03_R1	Unload	735	N0735	602291	506795	0	0	1	1	0	0	0	0	0	0	 	 	 
P42_05_06_CtrL	Center	741	N0741	593780	506795	0	0	1	1	0	0	0	0	0	0	 	 	 
P42_05_06_CtrU	Center	741	N0741	593780	506795	0	0	1	1	0	0	0	0	0	0	 	 	 
P42_06_H2	Park	742	N0742	593080	506795	0	0	1	1	0	0	0	0	0	0	 	 	 
P42_05_H1	Park	743	N0743	594480	506795	0	0	1	1	0	0	0	0	0	0	 	 	 
P42_06_R2	Unload	744	N0744	592380	506795	0	0	1	1	0	0	0	0	0	0	 	 	 
P42_06_R2	Load	744	N0744	592380	506795	0	0	1	1	0	0	0	0	0	0	 	 	 
P42_05_R1	Load	745	N0745	595180	506795	0	0	1	1	0	0	0	0	0	0	 	 	 
P42_05_R1	Unload	745	N0745	595180	506795	0	0	1	1	0	0	0	0	0	0	 	 	 
P42_07_08_CtrL	Center	751	N0751	572624	506818	0	0	1	1	0	0	0	0	0	0	 	 	 
P42_07_08_CtrU	Center	751	N0751	572624	506818	0	0	1	1	0	0	0	0	0	0	 	 	 
P42_08_H2	Park	752	N0752	571924	506818	0	0	1	1	0	0	0	0	0	0	 	 	 
P42_07_H1	Park	753	N0753	573324	506818	0	0	1	1	0	0	0	0	0	0	 	 	 
P42_08_R2	Load	754	N0754	571224	506818	0	0	1	1	0	0	0	0	0	0	 	 	 
P42_08_R2	Unload	754	N0754	571224	506818	0	0	1	1	0	0	0	0	0	0	 	 	 
P42_07_R1	Load	755	N0755	574024	506818	0	0	1	1	0	0	0	0	0	0	 	 	 
P42_07_R1	Unload	755	N0755	574024	506818	0	0	1	1	0	0	0	0	0	0	 	 	 
P42_09_10_CtrL	Center	761	N0761	565514	506867	0	0	1	1	0	0	0	0	0	0	 	 	 
P42_09_10_CtrU	Center	761	N0761	565514	506867	0	0	1	1	0	0	0	0	0	0	 	 	 
P42_10_H2	Park	762	N0762	564814	506867	0	0	1	1	0	0	0	0	0	0	 	 	 
P42_09_H1	Park	763	N0763	566214	506867	0	0	1	1	0	0	0	0	0	0	 	 	 
P42_10_R2	Load	764	N0764	564114	506867	0	0	1	1	0	0	0	0	0	0	 	 	 
P42_10_R2	Unload	764	N0764	564114	506867	0	0	1	1	0	0	0	0	0	0	 	 	 
P42_09_R1	Load	765	N0765	566914	506867	0	0	1	1	0	0	0	0	0	0	 	 	 
P42_09_R1	Unload	765	N0765	566914	506867	0	0	1	1	0	0	0	0	0	0	 	 	 
P42_11_CtrU	Center	771	N0771	558409	506795	0	0	1	1	0	0	0	0	0	0	 	 	 
P42_11_CtrL	Center	771	N0771	558409	506795	0	0	1	1	0	0	0	0	0	0	 	 	 
P42_11_H2	Park	772	N0772	557709	506795	0	0	1	1	0	0	0	0	0	0	 	 	 
P42_11_H1	Park	773	N0773	559109	506795	0	0	1	1	0	0	0	0	0	0	 	 	 
NULL	NULL	774	N0774	557009	506795	0	0	1	1	0	0	0	0	0	0	 	 	 
P42_11_R1	Load	775	N0775	559809	506795	0	0	1	1	0	0	0	0	0	0	 	 	 
P42_11_R1	Unload	775	N0775	559809	506795	0	0	1	1	0	0	0	0	0	0	 	 	 
P43_02_CtrL	Center	781	N0781	558396	520308	0	0	1	1	0	0	0	0	0	0	 	 	 
P43_02_CtrU	Center	781	N0781	558396	520308	0	0	1	1	0	0	0	0	0	0	 	 	 
P43_02_H1	Park	782	N0782	557696	520308	0	0	1	1	0	0	0	0	0	0	 	 	 
P43_02_H2	Park	783	N0783	559096	520308	0	0	1	1	0	0	0	0	0	0	 	 	 
NULL	NULL	784	N0784	556996	520308	0	0	1	1	0	0	0	0	0	0	 	 	 
P43_02_R2	Load	785	N0785	559796	520308	0	0	1	1	0	0	0	0	0	0	 	 	 
P43_02_R2	Unload	785	N0785	559796	520308	0	0	1	1	0	0	0	0	0	0	 	 	 
P43_03_04_CtrL	Center	791	N0791	565508	520332	0	0	1	1	0	0	0	0	0	0	 	 	 
P43_03_04_CtrU	Center	791	N0791	565508	520332	0	0	1	1	0	0	0	0	0	0	 	 	 
P43_03_H1	Park	792	N0792	564808	520332	0	0	1	1	0	0	0	0	0	0	 	 	 
P43_04_H2	Park	793	N0793	566208	520332	0	0	1	1	0	0	0	0	0	0	 	 	 
P43_03_R1	Load	794	N0794	564108	520332	0	0	1	1	0	0	0	0	0	0	 	 	 
P43_03_R1	Unload	794	N0794	564108	520332	0	0	1	1	0	0	0	0	0	0	 	 	 
P43_04_R2	Load	795	N0795	566908	520332	0	0	1	1	0	0	0	0	0	0	 	 	 
P43_04_R2	Unload	795	N0795	566908	520332	0	0	1	1	0	0	0	0	0	0	 	 	 
P43_05_06_CtrL	Center	801	N0801	572619	520243	0	0	1	1	0	0	0	0	0	0	 	 	 
P43_05_06_CtrU	Center	801	N0801	572619	520243	0	0	1	1	0	0	0	0	0	0	 	 	 
P43_05_H1	Park	802	N0802	571919	520243	0	0	1	1	0	0	0	0	0	0	 	 	 
P43_06_H2	Park	803	N0803	573319	520243	0	0	1	1	0	0	0	0	0	0	 	 	 
P43_05_R1	Load	804	N0804	571219	520243	0	0	1	1	0	0	0	0	0	0	 	 	 
P43_05_R1	Unload	804	N0804	571219	520243	0	0	1	1	0	0	0	0	0	0	 	 	 
P43_06_R2	Load	805	N0805	574019	520243	0	0	1	1	0	0	0	0	0	0	 	 	 
P43_06_R2	Unload	805	N0805	574019	520243	0	0	1	1	0	0	0	0	0	0	 	 	 
P43_07_08_CtrL	Center	811	N0811	593774	520308	0	0	1	1	0	0	0	0	0	0	 	 	 
P43_07_08_CtrU	Center	811	N0811	593774	520308	0	0	1	1	0	0	0	0	0	0	 	 	 
P43_07_H1	Park	812	N0812	593074	520308	0	0	1	1	0	0	0	0	0	0	 	 	 
P43_08_H2	Park	813	N0813	594474	520308	0	0	1	1	0	0	0	0	0	0	 	 	 
P43_07_R1	Unload	814	N0814	592374	520308	0	0	1	1	0	0	0	0	0	0	 	 	 
P43_07_R1	Load	814	N0814	592374	520308	0	0	1	1	0	0	0	0	0	0	 	 	 
P43_08_R2	Load	815	N0815	595174	520308	0	0	1	1	0	0	0	0	0	0	 	 	 
P43_08_R2	Unload	815	N0815	595174	520308	0	0	1	1	0	0	0	0	0	0	 	 	 
P43_09_10_CtrL	Center	821	N0821	600886	520423	0	0	1	1	0	0	0	0	0	0	 	 	 
P43_09_10_CtrU	Center	821	N0821	600886	520423	0	0	1	1	0	0	0	0	0	0	 	 	 
NULL	NULL	1144	N1144	622953	498554	0	0	1	1	0	0	0	0	0	0	 	 	 
P43_10_H2	Park	823	N0823	601586	520423	0	0	1	1	0	0	0	0	0	0	 	 	 
P43_09_R1	Load	824	N0824	599486	520423	0	0	1	1	0	0	0	0	0	0	 	 	 
P43_09_R1	Unload	824	N0824	599486	520423	0	0	1	1	0	0	0	0	0	0	 	 	 
P43_10_R2	Load	825	N0825	602286	520423	0	0	1	1	0	0	0	0	0	0	 	 	 
P43_10_R2	Unload	825	N0825	602286	520423	0	0	1	1	0	0	0	0	0	0	 	 	 
P43_11_CtrL	Center	831	N0831	608014	520402	0	0	1	1	0	0	0	0	0	0	 	 	 
P43_11_CtrU	Center	831	N0831	608014	520402	0	0	1	1	0	0	0	0	0	0	 	 	 
P43_11_H1	Park	832	N0832	607314	520402	0	0	1	1	0	0	0	0	0	0	 	 	 
P43_11_H2	Park	833	N0833	608714	520402	0	0	1	1	0	0	0	0	0	0	 	 	 
P43_11_R1	Load	834	N0834	606614	520402	0	0	1	1	0	0	0	0	0	0	 	 	 
P43_11_R1	Unload	834	N0834	606614	520402	0	0	1	1	0	0	0	0	0	0	 	 	 
NULL	NULL	835	N0835	609414	520402	0	0	1	1	0	0	0	0	0	0	 	 	 
P44_02_CtrL	Center	841	N0841	670265	506795	0	0	1	1	0	0	0	0	0	0	 	 	 
P44_02_CtrU	Center	841	N0841	670265	506795	0	0	1	1	0	0	0	0	0	0	 	 	 
P44_02_H2	Park	842	N0842	669565	506795	0	0	1	1	0	0	0	0	0	0	 	 	 
P44_02_H1	Park	843	N0843	670965	506795	0	0	1	1	0	0	0	0	0	0	 	 	 
P44_02_R2	Load	844	N0844	668865	506795	0	0	1	1	0	0	0	0	0	0	 	 	 
P44_02_R2	Unload	844	N0844	668865	506795	0	0	1	1	0	0	0	0	0	0	 	 	 
NULL	NULL	845	N0845	671665	506795	0	0	1	1	0	0	0	0	0	0	 	 	 
P44_03_04_CtrL	Center	851	N0851	663155	506795	0	0	1	1	0	0	0	0	0	0	 	 	 
P44_03_04_CtrU	Center	851	N0851	663155	506795	0	0	1	1	0	0	0	0	0	0	 	 	 
P44_04_H2	Park	852	N0852	662455	506795	0	0	1	1	0	0	0	0	0	0	 	 	 
P44_03_H1	Park	853	N0853	663855	506795	0	0	1	1	0	0	0	0	0	0	 	 	 
P44_04_R2	Load	854	N0854	661755	506795	0	0	1	1	0	0	0	0	0	0	 	 	 
P44_04_R2	Unload	854	N0854	661755	506795	0	0	1	1	0	0	0	0	0	0	 	 	 
P44_03_R1	Load	855	N0855	664555	506795	0	0	1	1	0	0	0	0	0	0	 	 	 
P44_03_R1	Unload	855	N0855	664555	506795	0	0	1	1	0	0	0	0	0	0	 	 	 
P44_05_06_CtrL	Center	861	N0861	656042	506795	0	0	1	1	0	0	0	0	0	0	 	 	 
P44_05_06_CtrU	Center	861	N0861	656042	506795	0	0	1	1	0	0	0	0	0	0	 	 	 
P44_06_H2	Park	862	N0862	655342	506795	0	0	1	1	0	0	0	0	0	0	 	 	 
P44_05_H1	Park	863	N0863	656742	506795	0	0	1	1	0	0	0	0	0	0	 	 	 
P44_06_R2	Load	864	N0864	654642	506795	0	0	1	1	0	0	0	0	0	0	 	 	 
P44_06_R2	Unload	864	N0864	654642	506795	0	0	1	1	0	0	0	0	0	0	 	 	 
P44_05_R1	Load	865	N0865	657442	506795	0	0	1	1	0	0	0	0	0	0	 	 	 
P44_05_R1	Unload	865	N0865	657442	506795	0	0	1	1	0	0	0	0	0	0	 	 	 
P44_07_08_CtrL	Center	871	N0871	634886	506795	0	0	1	1	0	0	0	0	0	0	 	 	 
P44_07_08_CtrU	Center	871	N0871	634886	506795	0	0	1	1	0	0	0	0	0	0	 	 	 
P44_08_H2	Park	872	N0872	634186	506795	0	0	1	1	0	0	0	0	0	0	 	 	 
P44_07_H1	Park	873	N0873	635586	506795	0	0	1	1	0	0	0	0	0	0	 	 	 
P44_08_R2	Load	874	N0874	633486	506795	0	0	1	1	0	0	0	0	0	0	 	 	 
P44_08_R2	Unload	874	N0874	633486	506795	0	0	1	1	0	0	0	0	0	0	 	 	 
P44_07_R1	Load	875	N0875	636286	506795	0	0	1	1	0	0	0	0	0	0	 	 	 
P44_07_R1	Unload	875	N0875	636286	506795	0	0	1	1	0	0	0	0	0	0	 	 	 
P44_09_10_CtrL	Center	881	N0881	627775	506795	0	0	1	1	0	0	0	0	0	0	 	 	 
P44_09_10_CtrU	Center	881	N0881	627775	506795	0	0	1	1	0	0	0	0	0	0	 	 	 
P44_10_H2	Park	882	N0882	627075	506795	0	0	1	1	0	0	0	0	0	0	 	 	 
P44_09_H1	Park	883	N0883	628475	506795	0	0	1	1	0	0	0	0	0	0	 	 	 
P44_10_R2	Load	884	N0884	626375	506795	0	0	1	1	0	0	0	0	0	0	 	 	 
P44_10_R2	Unload	884	N0884	626375	506795	0	0	1	1	0	0	0	0	0	0	 	 	 
P44_09_R1	Unload	885	N0885	629175	506795	0	0	1	1	0	0	0	0	0	0	 	 	 
P44_09_R1	Load	885	N0885	629175	506795	0	0	1	1	0	0	0	0	0	0	 	 	 
P44_11_CtrL	Center	891	N0891	620664	506795	0	0	1	1	0	0	0	0	0	0	 	 	 
P44_11_CtrU	Center	891	N0891	620664	506795	0	0	1	1	0	0	0	0	0	0	 	 	 
P44_11_H2	Park	892	N0892	619964	506795	0	0	1	1	0	0	0	0	0	0	 	 	 
P44_11_H1	Park	893	N0893	621364	506795	0	0	1	1	0	0	0	0	0	0	 	 	 
NULL	NULL	894	N0894	619264	506795	0	0	1	1	0	0	0	0	0	0	 	 	 
P44_11_R1	Load	895	N0895	622064	506795	0	0	1	1	0	0	0	0	0	0	 	 	 
P44_11_R1	Unload	895	N0895	622064	506795	0	0	1	1	0	0	0	0	0	0	 	 	 
NULL	NULL	3250	N3250	672750	524950	180	0	1	1	0	0	0	0	0	0	 	 	 
NULL	NULL	3251	N3251	672000	524950	180	0	1	1	0	0	0	0	0	0	 	 	 
NULL	NULL	3252	N3252	670723	524950	180	0	1	1	0	0	0	0	0	0	 	 	 
NULL	NULL	3253	N3253	666762	524950	180	0	1	1	0	0	0	0	0	0	 	 	 
NULL	NULL	3254	N3254	662768	524950	180	0	1	1	0	0	0	0	0	0	 	 	 
NULL	NULL	3255	N3255	658304	524950	180	0	1	1	0	0	0	0	0	0	 	 	 
NULL	NULL	3256	N3256	654338	524950	180	0	1	1	0	0	0	0	0	0	 	 	 
NULL	NULL	3257	N3257	650383	524950	180	0	1	1	0	0	0	0	0	0	 	 	 
NULL	NULL	3258	N3258	646433	524950	180	0	1	1	0	0	0	0	0	0	 	 	 
NULL	NULL	3259	N3259	642476	524950	180	0	1	1	0	0	0	0	0	0	 	 	 
NULL	NULL	3260	N3260	639422	524950	180	0	1	1	0	0	0	0	0	0	 	 	 
NULL	NULL	3261	N3261	636555	524950	180	0	1	1	0	0	0	0	0	0	 	 	 
NULL	NULL	3262	N3262	634018	524950	180	0	1	1	0	0	0	0	0	0	 	 	 
NULL	NULL	3263	N3263	630065	524950	180	0	1	1	0	0	0	0	0	0	 	 	 
NULL	NULL	3264	N3264	626139	524950	180	0	1	1	0	0	0	0	0	0	 	 	 
NULL	NULL	3265	N3265	622190	524950	180	0	1	1	0	0	0	0	0	0	 	 	 
NULL	NULL	3266	N3266	618226	524950	180	0	1	1	0	0	0	0	0	0	 	 	 
NULL	NULL	3267	N3267	615990	525092	180	0	0	1	0	0	0	0	0	0	 	 	 
NULL	NULL	4300	N4300	539956	500300	89.99	0	1	1	0	0	0	0	0	0	 	 	 
NULL	NULL	1145	N1145	624318	498554	0	0	1	1	0	0	0	0	0	0	 	 	 
NULL	NULL	5462	N5462	608500	523380	160	0	0	0	0	0	0	0	0	0	 	 	 
NULL	NULL	6162	N6162	502350	509640	15	0	0	0	0	0	0	0	0	0	 	 	 
NULL	NULL	5662	N5662	618182	517650	-90	0	1	0	0	0	0	0	0	0	 	 	 
P45_01	Pick	5663	N5663	618182	515945	-90	0	1	0	0	0	0	0	0	0	 	 	 
P45_01	Drop	5663	N5663	618182	515945	-90	0	1	0	0	0	0	0	0	0	 	 	 
NULL	NULL	6122	N6122	546300	509655	145	0	0	0	0	0	0	0	0	0	 	 	 
NULL	NULL	6462	N6462	608500	509665	160	0	0	0	0	0	0	0	0	0	 	 	 
NULL	NULL	5672	N5672	622147	517730	-90	0	1	0	0	0	0	0	0	0	 	 	 
P45_02	Pick	5673	N5673	622147	515945	-90	0	1	1	0	0	0	0	0	0	 	 	 
P45_02	Drop	5673	N5673	622147	515945	-90	0	1	1	0	0	0	0	0	0	 	 	 
NULL	NULL	2061	N2061	493500	513800	0	0	1	1	0	0	0	0	0	0	 	 	 
NULL	NULL	2080	N2080	545000	513679	0	0	1	1	1	0	0	0	0	0	 	 	 
NULL	NULL	5682	N5682	626085	517730	-90	0	1	0	0	0	0	0	0	0	 	 	 
P45_03	Drop	5683	N5683	626085	515945	-90	0	1	1	0	0	0	0	0	0	 	 	 
P45_03	Pick	5683	N5683	626085	515945	-90	0	1	1	0	0	0	0	0	0	 	 	 
Park_North_40_41	Park	2081	N2081	542500	513679	0	0	1	1	0	0	0	0	0	0	 	 	 
P45_02	PickDecision	2139	N2139	620000	515945	0	0	1	1	0	0	0	0	0	0	 	 	 
P45_02	DropDecision	2139	N2139	620000	515945	0	0	1	1	0	0	0	0	0	0	 	 	 
NULL	NULL	5692	N5692	630035	517730	-90	0	1	0	0	0	0	0	0	0	 	 	 
P45_04	Pick	5693	N5693	630035	515945	-90	0	1	1	0	0	0	0	0	0	 	 	 
P45_04	Drop	5693	N5693	630035	515945	-90	0	1	1	0	0	0	0	0	0	 	 	 
P45_03	PickDecision	2140	N2140	624000	515945	0	0	1	1	0	0	0	0	0	0	 	 	 
P45_03	DropDecision	2140	N2140	624000	515945	0	0	1	1	0	0	0	0	0	0	 	 	 
P45_04	PickDecision	2141	N2141	628000	515945	0	0	1	1	0	0	0	0	0	0	 	 	 
P45_04	DropDecision	2141	N2141	628000	515945	0	0	1	1	0	0	0	0	0	0	 	 	 
NULL	NULL	5702	N5702	633985	517730	-90	0	1	0	0	0	0	0	0	0	 	 	 
P45_05	Pick	5703	N5703	633985	515945	-90	0	1	1	0	0	0	0	0	0	 	 	 
P45_05	Drop	5703	N5703	633985	515945	-90	0	1	1	0	0	0	0	0	0	 	 	 
P45_05	PickDecision	2142	N2142	632000	515945	0	0	1	1	0	0	0	0	0	0	 	 	 
P45_05	DropDecision	2142	N2142	632000	515945	0	0	1	1	0	0	0	0	0	0	 	 	 
P45_06	PickDecision	2145	N2145	640500	515945	0	0	1	1	0	0	0	0	0	0	 	 	 
P45_06	DropDecision	2145	N2145	640500	515945	0	0	1	1	0	0	0	0	0	0	 	 	 
NULL	NULL	5712	N5712	642463	517730	-90	0	1	0	0	0	0	0	0	0	 	 	 
P45_06	Pick	5713	N5713	642463	515945	-90	0	1	1	0	0	0	0	0	0	 	 	 
P45_06	Drop	5713	N5713	642463	515945	-90	0	1	1	0	0	0	0	0	0	 	 	 
P45_07	PickDecision	2146	N2146	644400	515945	0	0	1	1	0	0	0	0	0	0	 	 	 
P45_07	DropDecision	2146	N2146	644400	515945	0	0	1	1	0	0	0	0	0	0	 	 	 
P45_08	PickDecision	2147	N2147	648300	515945	0	0	1	1	0	0	0	0	0	0	 	 	 
P45_08	DropDecision	2147	N2147	648300	515945	0	0	1	1	0	0	0	0	0	0	 	 	 
NULL	NULL	5722	N5722	646394	517730	-90	0	1	0	0	0	0	0	0	0	 	 	 
P45_07	Pick	5723	N5723	646394	515945	-90	0	1	1	0	0	0	0	0	0	 	 	 
P45_07	Drop	5723	N5723	646394	515945	-90	0	1	1	0	0	0	0	0	0	 	 	 
P45_09	PickDecision	2148	N2148	652200	515945	0	0	1	1	0	0	0	0	0	0	 	 	 
P45_09	DropDecision	2148	N2148	652200	515945	0	0	1	1	0	0	0	0	0	0	 	 	 
P45_10	PickDecision	2149	N2149	656200	515945	0	0	1	1	0	0	0	0	0	0	 	 	 
P45_10	DropDecision	2149	N2149	656200	515945	0	0	1	1	0	0	0	0	0	0	 	 	 
NULL	NULL	5732	N5732	650362	517730	-90	0	1	0	0	0	0	0	0	0	 	 	 
P45_08	Pick	5733	N5733	650362	515945	-90	0	1	1	0	0	0	0	0	0	 	 	 
P45_08	Drop	5733	N5733	650362	515945	-90	0	1	1	0	0	0	0	0	0	 	 	 
P45_11	PickDecision	2151	N2151	664700	515945	0	0	1	1	0	0	0	0	0	0	 	 	 
P45_11	DropDecision	2151	N2151	664700	515945	0	0	1	1	0	0	0	0	0	0	 	 	 
P45_12	PickDecision	2152	N2152	668600	515945	0	0	1	1	0	0	0	0	0	0	 	 	 
P45_12	DropDecision	2152	N2152	668600	515945	0	0	1	1	0	0	0	0	0	0	 	 	 
NULL	NULL	5742	N5742	654287	517730	-90	0	1	0	0	0	0	0	0	0	 	 	 
P45_09	Pick	5743	N5743	654287	515945	-90	0	1	1	0	0	0	0	0	0	 	 	 
P45_09	Drop	5743	N5743	654287	515945	-90	0	1	1	0	0	0	0	0	0	 	 	 
NULL	NULL	5752	N5752	658262	517730	-90	0	1	0	0	0	0	0	0	0	 	 	 
P45_10	Pick	5753	N5753	658262	515945	-90	0	1	1	0	0	0	0	0	0	 	 	 
P45_10	Drop	5753	N5753	658262	515945	-90	0	1	1	0	0	0	0	0	0	 	 	 
NULL	NULL	5762	N5762	666740	517730	-90	0	1	0	0	0	0	0	0	0	 	 	 
P45_11	Pick	5763	N5763	666740	515945	-90	0	1	1	0	0	0	0	0	0	 	 	 
P45_11	Drop	5763	N5763	666740	515945	-90	0	1	1	0	0	0	0	0	0	 	 	 
NULL	NULL	5772	N5772	670680	517730	-90	0	1	0	0	0	0	0	0	0	 	 	 
P45_12	Drop	5773	N5773	670680	515945	-90	0	1	1	0	0	0	0	0	0	 	 	 
P45_12	Pick	5773	N5773	670680	515945	-90	0	1	1	0	0	0	0	0	0	 	 	 
NULL	NULL	5780	N5780	670723	523135	90	0	1	0	0	0	0	0	0	0	 	 	 
CORE_45_12	Drop	5782	N5782	670723	524950	90	0	1	1	0	0	0	0	0	0	 	 	 
CORE_45_12	PickDecision	5782	N5782	670723	524950	90	0	1	1	0	0	0	0	0	0	 	 	 
CORE_45_12	DropDecision	5782	N5782	670723	524950	90	0	1	1	0	0	0	0	0	0	 	 	 
CORE_45_12	Pick	5782	N5782	670723	524950	90	0	1	1	0	0	0	0	0	0	 	 	 
NULL	NULL	5790	N5790	666762	523135	90	0	1	0	1	0	0	0	0	0	 	 	 
CORE_45_11	Drop	5792	N5792	666762	524950	90	0	1	1	0	0	0	0	0	0	 	 	 
CORE_45_11	PickDecision	5792	N5792	666762	524950	90	0	1	1	0	0	0	0	0	0	 	 	 
CORE_45_11	DropDecision	5792	N5792	666762	524950	90	0	1	1	0	0	0	0	0	0	 	 	 
CORE_45_11	Pick	5792	N5792	666762	524950	90	0	1	1	0	0	0	0	0	0	 	 	 
NULL	NULL	5800	N5800	658304	523135	90	0	1	0	1	0	0	0	0	0	 	 	 
CORE_45_10	Pick	5802	N5802	658304	524950	90	0	1	1	0	0	0	0	0	0	 	 	 
CORE_45_10	Drop	5802	N5802	658304	524950	90	0	1	1	0	0	0	0	0	0	 	 	 
CORE_45_10	PickDecision	5802	N5802	658304	524950	90	0	1	1	0	0	0	0	0	0	 	 	 
CORE_45_10	DropDecision	5802	N5802	658304	524950	90	0	1	1	0	0	0	0	0	0	 	 	 
NULL	NULL	5810	N5810	654338	523135	90	0	1	0	0	0	0	0	0	0	 	 	 
CORE_45_9	Drop	5812	N5812	654338	524950	90	0	1	1	0	0	0	0	0	0	 	 	 
CORE_45_9	PickDecision	5812	N5812	654338	524950	90	0	1	1	0	0	0	0	0	0	 	 	 
CORE_45_9	DropDecision	5812	N5812	654338	524950	90	0	1	1	0	0	0	0	0	0	 	 	 
CORE_45_9	Pick	5812	N5812	654338	524950	90	0	1	1	0	0	0	0	0	0	 	 	 
NULL	NULL	5820	N5820	650383	523135	90	0	1	0	0	0	0	0	0	0	 	 	 
NULL	NULL	5830	N5830	646433	523135	90	0	1	0	1	0	0	0	0	0	 	 	 
CORE_45_7	Drop	5832	N5832	646433	524950	90	0	1	1	0	0	0	0	0	0	 	 	 
CORE_45_7	PickDecision	5832	N5832	646433	524950	90	0	1	1	0	0	0	0	0	0	 	 	 
CORE_45_7	DropDecision	5832	N5832	646433	524950	90	0	1	1	0	0	0	0	0	0	 	 	 
CORE_45_7	Pick	5832	N5832	646433	524950	90	0	1	1	0	0	0	0	0	0	 	 	 
NULL	NULL	5840	N5840	642476	523135	90	0	1	0	1	0	0	0	0	0	 	 	 
CORE_45_6	Drop	5842	N5842	642476	524950	90	0	1	1	0	0	0	0	0	0	 	 	 
CORE_45_6	PickDecision	5842	N5842	642476	524950	90	0	1	1	0	0	0	0	0	0	 	 	 
CORE_45_6	DropDecision	5842	N5842	642476	524950	90	0	1	1	0	0	0	0	0	0	 	 	 
CORE_45_6	Pick	5842	N5842	642476	524950	90	0	1	1	0	0	0	0	0	0	 	 	 
NULL	NULL	5850	N5850	634018	523122	90	0	1	0	0	0	0	0	0	0	 	 	 
CORE_45_5	Drop	5852	N5852	634018	524950	90	0	1	1	0	0	0	0	0	0	 	 	 
CORE_45_5	PickDecision	5852	N5852	634018	524950	90	0	1	1	0	0	0	0	0	0	 	 	 
CORE_45_5	DropDecision	5852	N5852	634018	524950	90	0	1	1	0	0	0	0	0	0	 	 	 
CORE_45_5	Pick	5852	N5852	634018	524950	90	0	1	1	0	0	0	0	0	0	 	 	 
NULL	NULL	5860	N5860	630065	523135	90	0	1	0	1	0	0	0	0	0	 	 	 
CORE_45_4	Drop	5862	N5862	630065	524950	90	0	1	1	0	0	0	0	0	0	 	 	 
CORE_45_4	PickDecision	5862	N5862	630065	524950	90	0	1	1	0	0	0	0	0	0	 	 	 
CORE_45_4	DropDecision	5862	N5862	630065	524950	90	0	1	1	0	0	0	0	0	0	 	 	 
CORE_45_4	Pick	5862	N5862	630065	524950	90	0	1	1	0	0	0	0	0	0	 	 	 
NULL	NULL	5870	N5870	626139	523135	90	0	1	0	0	0	0	0	0	0	 	 	 
CORE_45_3	Drop	5872	N5872	626139	524950	90	0	1	1	0	0	0	0	0	0	 	 	 
CORE_45_3	PickDecision	5872	N5872	626139	524950	90	0	1	1	0	0	0	0	0	0	 	 	 
CORE_45_3	DropDecision	5872	N5872	626139	524950	90	0	1	1	0	0	0	0	0	0	 	 	 
CORE_45_3	Pick	5872	N5872	626139	524950	90	0	1	1	0	0	0	0	0	0	 	 	 
NULL	NULL	5880	N5880	622190	523135	90	0	1	0	1	0	0	0	0	0	 	 	 
CORE_45_2	Pick	5882	N5882	622190	524950	90	0	1	1	0	0	0	0	0	0	 	 	 
CORE_45_2	Drop	5882	N5882	622190	524950	90	0	1	1	0	0	0	0	0	0	 	 	 
CORE_45_2	PickDecision	5882	N5882	622190	524950	90	0	1	1	0	0	0	0	0	0	 	 	 
CORE_45_2	DropDecision	5882	N5882	622190	524950	90	0	1	1	0	0	0	0	0	0	 	 	 
NULL	NULL	5890	N5890	618226	523135	90	0	1	0	1	0	0	0	0	0	 	 	 
CORE_45_1	Drop	5892	N5892	618226	524950	90	0	1	1	0	0	0	0	0	0	 	 	 
CORE_45_1	PickDecision	5892	N5892	618226	524950	90	0	1	1	0	0	0	0	0	0	 	 	 
CORE_45_1	DropDecision	5892	N5892	618226	524950	90	0	1	1	0	0	0	0	0	0	 	 	 
CORE_45_1	Pick	5892	N5892	618226	524950	90	0	1	1	0	0	0	0	0	0	 	 	 
Park_StripPark1	Park	7600	N7600	502090	493000	90	0	1	1	1	0	0	0	0	0	 	 	 
Strip1	Pick	7600	N7600	502090	493000	90	0	1	1	1	0	0	0	0	0	 	 	 
Strip1	PickDecision	7600	N7600	502090	493000	90	0	1	1	1	0	0	0	0	0	 	 	 
NULL	NULL	7601	N7601	502090	491400	90	0	1	0	0	0	0	0	0	0	 	 	 
Park_StripPark2	Park	7610	N7610	496400	493000	90	0	1	1	1	0	0	0	0	0	 	 	 
Strip2	Pick	7610	N7610	496400	493000	90	0	1	1	1	0	0	0	0	0	 	 	 
Strip2	PickDecision	7610	N7610	496400	493000	90	0	1	1	1	0	0	0	0	0	 	 	 
NULL	NULL	7611	N7611	496400	491400	90	0	1	0	0	0	0	0	0	0	 	 	 
Park_StripPark3	Park	7620	N7620	490706	493000	90	0	1	1	1	0	0	0	0	0	 	 	 
Strip3	Pick	7620	N7620	490706	493000	90	0	1	1	1	0	0	0	0	0	 	 	 
Strip3	PickDecision	7620	N7620	490706	493000	90	0	1	1	1	0	0	0	0	0	 	 	 
NULL	NULL	7621	N7621	490706	491400	90	0	1	0	0	0	0	0	0	0	 	 	 
WASTE_45_1	Pick	7630	N7630	619320	513290	0	0	1	1	1	0	0	0	0	0	 	 	 
WASTE_45_1	Drop	7630	N7630	619320	513290	0	0	1	1	1	0	0	0	0	0	 	 	 
WASTE_45_1	PickDecision	7630	N7630	619320	513290	0	0	1	1	1	0	0	0	0	0	 	 	 
WASTE_45_1	DropDecision	7630	N7630	619320	513290	0	0	1	1	1	0	0	0	0	0	 	 	 
NULL	NULL	7631	N7631	617720	513290	0	0	1	0	0	0	0	0	0	0	 	 	 
WASTE_45_7	Pick	7640	N7640	649880	513305	0	0	1	1	1	0	0	0	0	0	 	 	 
WASTE_45_7	Drop	7640	N7640	649880	513305	0	0	1	1	1	0	0	0	0	0	 	 	 
WASTE_45_7	PickDecision	7640	N7640	649880	513305	0	0	1	1	1	0	0	0	0	0	 	 	 
WASTE_45_7	DropDecision	7640	N7640	649880	513305	0	0	1	1	1	0	0	0	0	0	 	 	 
NULL	NULL	7641	N7641	648280	513305	0	0	1	0	0	0	0	0	0	0	 	 	 
WASTE_45_11	Pick	7650	N7650	670200	513303	0	0	1	1	1	0	0	0	0	0	 	 	 
WASTE_45_11	Drop	7650	N7650	670200	513303	0	0	1	1	1	0	0	0	0	0	 	 	 
WASTE_45_11	PickDecision	7650	N7650	670200	513303	0	0	1	1	1	0	0	0	0	0	 	 	 
WASTE_45_11	DropDecision	7650	N7650	670200	513303	0	0	1	1	1	0	0	0	0	0	 	 	 
NULL	NULL	7651	N7651	668300	513303	0	0	1	0	0	0	0	0	0	0	 	 	 
NULL	NULL	9000	N9000	493602	519202	-90	0	1	1	0	0	0	0	0	0	 	 	 
NULL	NULL	9012	N9012	546131	492881	-90	0	1	1	0	0	0	0	0	0	 	 	 
NULL	NULL	9013	N9013	546131	489586	-90	0	1	1	0	0	0	0	0	0	 	 	 
NULL	NULL	9014	N9014	511048	489700	90	0	1	1	0	0	0	0	0	0	 	 	 
NULL	NULL	9015	N9015	511048	493500	90	0	1	1	0	0	0	0	0	0	 	 	 
NULL	NULL	9020	N9020	514000	487522	180	0	1	1	0	0	0	0	0	0	 	 	 
Park_Queue_001	Park	9030	N9030	518849	487522	180	0	1	1	0	0	0	0	0	0	 	 	 
Park_Queue_002	Park	9030	N9030	518849	487522	180	0	1	1	0	0	0	0	0	0	 	 	 
Park_Queue_003	Park	9030	N9030	518849	487522	180	0	1	1	0	0	0	0	0	0	 	 	 
Park_Queue_004	Park	9030	N9030	518849	487522	180	0	1	1	0	0	0	0	0	0	 	 	 
Park_Queue_005	Park	9030	N9030	518849	487522	180	0	1	1	0	0	0	0	0	0	 	 	 
Park_Queue_006	Park	9030	N9030	518849	487522	180	0	1	1	0	0	0	0	0	0	 	 	 
Park_Queue_007	Park	9030	N9030	518849	487522	180	0	1	1	0	0	0	0	0	0	 	 	 
Park_Queue_008	Park	9030	N9030	518849	487522	180	0	1	1	0	0	0	0	0	0	 	 	 
Park_Queue_009	Park	9030	N9030	518849	487522	180	0	1	1	0	0	0	0	0	0	 	 	 
NULL	NULL	9040	N9040	522511	487522	180	0	1	1	0	0	0	0	0	0	 	 	 
NULL	NULL	9050	N9050	526172	487522	180	0	1	1	0	0	0	0	0	0	 	 	 
NULL	NULL	9060	N9060	529833	487522	180	0	1	1	0	0	0	0	0	0	 	 	 
NULL	NULL	9070	N9070	533495	487522	180	0	1	1	0	0	0	0	0	0	 	 	 
NULL	NULL	9080	N9080	537156	487522	180	0	1	1	0	0	0	0	0	0	 	 	 
NULL	NULL	9090	N9090	540818	487522	180	0	1	1	0	0	0	0	0	0	 	 	 
NULL	NULL	9100	N9100	543718	487522	180	0	1	1	0	0	0	0	0	0	 	 	 
Park_P43_07	Park	9110	N9110	586674	520184	90	0	1	1	1	0	0	0	0	0	 	 	 
NULL	NULL	9111	N9111	586674	522949	90	0	1	1	0	0	0	0	0	0	 	 	 
NULL	NULL	9112	N9112	586674	517998	90	0	1	1	0	0	0	0	0	0	 	 	 
Park_P44_02	Park	9120	N9120	672871	506857	-90	0	1	1	1	0	0	0	0	0	 	 	 
NULL	NULL	9121	N9121	672871	505857	-90	0	1	1	0	0	0	0	0	0	 	 	 
NULL	NULL	9122	N9122	672871	504724	-90	0	1	1	0	0	0	0	0	0	 	 	 
SCALE_01	Drop	9130	N9130	493415	503438	-90	0	1	1	1	0	0	0	0	0	 	 	 
NULL	NULL	9131	N9131	493415	505174	-90	0	1	1	0	0	0	0	0	0	 	 	 
NULL	NULL	9201	N9201	549450	518821	90	0	1	1	0	0	0	0	0	0	 	 	 
Park_P41_11	Park	9200	N9200	549450	520200	90	0	1	1	1	0	0	0	0	0	 	 	 
CHARGER_P41_11_MANUAL	ParkCharge	9200	N9200	549450	520200	90	0	1	1	1	0	0	0	0	0	 	 	 
CHARGER_P41_11_MANUAL	Equalize	9200	N9200	549450	520200	90	0	1	1	1	0	0	0	0	0	 	 	 
Park_P43_02	Park	9210	N9210	554610	520850	-90	0	1	1	1	0	0	0	0	0	 	 	 
CHARGER_P43_02_MANUAL	ParkCharge	9210	N9210	554610	520850	-90	0	1	1	1	0	0	0	0	0	 	 	 
CHARGER_P43_02_MANUAL	Equalize	9210	N9210	554610	520850	-90	0	1	1	1	0	0	0	0	0	 	 	 
Park_South_42_43	Park	9220	N9220	556600	513864	0	0	1	1	1	0	0	0	0	0	 	 	 
CHARGER_P43_03_MANUAL	ParkCharge	9220	N9220	556600	513864	0	0	1	1	1	0	0	0	0	0	 	 	 
CHARGER_P43_03_MANUAL	Equalize	9220	N9220	556600	513864	0	0	1	1	1	0	0	0	0	0	 	 	 
NULL	NULL	9221	N9221	554500	513864	0	0	1	1	0	0	0	0	0	0	 	 	 
Park_P42_11	Park	9230	N9230	554810	506991	-90	0	1	1	1	0	0	0	0	0	 	 	 
CHARGER_P42_11_MANUAL	ParkCharge	9230	N9230	554810	506991	-90	0	1	1	1	0	0	0	0	0	 	 	 
CHARGER_P42_11_MANUAL	Equalize	9230	N9230	554810	506991	-90	0	1	1	1	0	0	0	0	0	 	 	 
Park_P40_02	Park	9240	N9240	549300	506520	90	0	1	1	1	0	0	0	0	0	 	 	 
CHARGER_P40_02_MANUAL	Equalize	9240	N9240	549300	506520	90	0	1	1	1	0	0	0	0	0	 	 	 
CHARGER_P40_02_MANUAL	ParkCharge	9240	N9240	549300	506520	90	0	1	1	1	0	0	0	0	0	 	 	 
NULL	NULL	9300	N9300	524374	517998	90	0	1	1	0	0	0	0	0	0	 	 	 
Park_P41_06	Park	9301	N9301	524374	519565	90	0	1	1	1	0	0	0	0	0	 	 	 
CHARGER_P41_06_AUTO	ParkCharge	9301	N9301	524374	519565	90	0	1	1	1	0	0	0	0	0	 	 	 
CHARGER_P41_06_AUTO	Charge	9301	N9301	524374	519565	90	0	1	1	1	0	0	0	0	0	 	 	 
CHARGER_P41_06_AUTO	Equalize	9301	N9301	524374	519565	90	0	1	1	1	0	0	0	0	0	 	 	 
NULL	NULL	9302	N9302	524374	522705	90	0	1	1	0	0	0	0	0	0	 	 	 
Park_P44_07	Park	9310	N9310	648890	505870	90	0	1	1	1	9312	0	0	0	0	 	 	 
CHARGER_P44_07_AUTO	ParkCharge	9310	N9310	648890	505870	90	0	1	1	1	9312	0	0	0	0	 	 	 
CHARGER_P44_07_AUTO	Charge	9310	N9310	648890	505870	90	0	1	1	1	9312	0	0	0	0	 	 	 
CHARGER_P44_07_AUTO	Equalize	9310	N9310	648890	505870	90	0	1	1	1	9312	0	0	0	0	 	 	 
NULL	NULL	9311	N9311	648890	505100	90	0	0	1	0	9312	0	0	0	0	 	 	 
Park_P43_11	Park	9320	N9320	610865	520231	90	0	1	1	1	0	0	0	0	0	 	 	 
CHARGER_P43_11_AUTO	ParkCharge	9320	N9320	610865	520231	90	0	1	1	1	0	0	0	0	0	 	 	 
CHARGER_P43_11_AUTO	Charge	9320	N9320	610865	520231	90	0	1	1	1	0	0	0	0	0	 	 	 
CHARGER_P43_11_AUTO	Equalize	9320	N9320	610865	520231	90	0	1	1	1	0	0	0	0	0	 	 	 
Park_P42_02	Park	9330	N9330	610829	506580	90	0	1	1	1	0	0	0	0	0	 	 	 
CHARGER_P42_02_AUTO	ParkCharge	9330	N9330	610829	506580	90	0	1	1	1	0	0	0	0	0	 	 	 
CHARGER_P42_02_AUTO	Charge	9330	N9330	610829	506580	90	0	1	1	1	0	0	0	0	0	 	 	 
CHARGER_P42_02_AUTO	Equalize	9330	N9330	610829	506580	90	0	1	1	1	0	0	0	0	0	 	 	 
NULL	NULL	9331	N9331	610829	505747	90	0	0	1	0	0	0	0	0	0	 	 	 
NULL	NULL	9332	N9332	610829	504724	90	0	0	1	0	0	0	0	0	0	 	 	 
Park_P42_06	Park	9340	N9340	586735	507631	-90	0	1	1	1	0	0	0	0	0	 	 	 
CHARGER_P42_06_AUTO	ParkCharge	9340	N9340	586735	507631	-90	0	1	1	1	0	0	0	0	0	 	 	 
CHARGER_P42_06_AUTO	Charge	9340	N9340	586735	507631	-90	0	1	1	1	0	0	0	0	0	 	 	 
CHARGER_P42_06_AUTO	Equalize	9340	N9340	586735	507631	-90	0	1	1	1	0	0	0	0	0	 	 	 
NULL	NULL	9341	N9341	586735	509584	-90	0	1	1	0	0	0	0	0	0	 	 	 
NULL	NULL	9342	N9342	586735	505500	-90	0	1	1	0	0	0	0	0	0	 	 	 
Park_P40_07	Park	9350	N9350	524433	507605	-90	0	1	1	1	0	0	0	0	0	 	 	 
CHARGER_P40_07_AUTO	ParkCharge	9350	N9350	524433	507605	-90	0	1	1	1	0	0	0	0	0	 	 	 
CHARGER_P40_07_AUTO	Charge	9350	N9350	524433	507605	-90	0	1	1	1	0	0	0	0	0	 	 	 
CHARGER_P40_07_AUTO	Equalize	9350	N9350	524433	507605	-90	0	1	1	1	0	0	0	0	0	 	 	 
NULL	NULL	9351	N9351	524433	509751	-90	0	1	1	0	0	0	0	0	0	 	 	 
NULL	NULL	9352	N9352	524433	504200	-90	0	1	1	0	0	0	0	0	0	 	 	 
NULL	NULL	9500	N9500	488114	496350	0	0	1	1	0	0	0	0	0	0	 	 	 
NULL	NULL	9501	N9501	482500	496350	0	0	1	1	0	0	0	0	0	0	 	 	 
NULL	NULL	9502	N9502	488114	496350	180	0	1	1	0	0	0	0	0	0	 	 	 
Maintenance	Maint	9503	N9503	482500	496350	180	0	1	1	1	0	0	0	0	0	 	 	 
NULL	NULL	1004	N1004	503249	519764	0	0	1	1	0	0	0	0	0	0	 	 	 
NULL	NULL	1146	N1146	624815	498554	0	0	1	1	0	0	0	0	0	0	 	 	 
NULL	NULL	1147	N1147	626211	498554	0	0	1	1	0	0	0	0	0	0	 	 	 
NULL	NULL	1148	N1148	626708	498554	0	0	1	1	0	0	0	0	0	0	 	 	 
NULL	NULL	1149	N1149	629456	498554	0	0	1	1	0	0	0	0	0	0	 	 	 
NULL	NULL	1150	N1150	629953	498554	0	0	1	1	0	0	0	0	0	0	 	 	 
NULL	NULL	1151	N1151	631349	498554	0	0	1	1	0	0	0	0	0	0	 	 	 
NULL	NULL	1152	N1152	631846	498554	0	0	1	1	0	0	0	0	0	0	 	 	 
NULL	NULL	1153	N1153	633226	498554	0	0	1	1	0	0	0	0	0	0	 	 	 
NULL	NULL	1154	N1154	633723	498554	0	0	1	1	0	0	0	0	0	0	 	 	 
NULL	NULL	1155	N1155	635093	498554	0	0	1	1	0	0	0	0	0	0	 	 	 
NULL	NULL	1156	N1156	635590	498554	0	0	1	1	0	0	0	0	0	0	 	 	 
NULL	NULL	1157	N1157	636996	498554	0	0	1	1	0	0	0	0	0	0	 	 	 
NULL	NULL	1158	N1158	637493	498554	0	0	1	1	0	0	0	0	0	0	 	 	 
NULL	NULL	1159	N1159	638863	498554	0	0	1	1	0	0	0	0	0	0	 	 	 
NULL	NULL	1160	N1160	639360	498554	0	0	1	1	0	0	0	0	0	0	 	 	 
NULL	NULL	1161	N1161	642252	498857	0	0	1	1	0	0	0	0	0	0	 	 	 
NULL	NULL	1162	N1162	642749	498857	0	0	1	1	0	0	0	0	0	0	 	 	 
NULL	NULL	1163	N1163	644136	498857	0	0	1	1	0	0	0	0	0	0	 	 	 
NULL	NULL	1164	N1164	644633	498857	0	0	1	1	0	0	0	0	0	0	 	 	 
NULL	NULL	1165	N1165	646011	498857	0	0	1	1	0	0	0	0	0	0	 	 	 
NULL	NULL	1166	N1166	646508	498857	0	0	1	1	0	0	0	0	0	0	 	 	 
NULL	NULL	1167	N1167	647887	498857	0	0	1	1	0	0	0	0	0	0	 	 	 
NULL	NULL	1168	N1168	648384	498857	0	0	1	1	0	0	0	0	0	0	 	 	 
NULL	NULL	1169	N1169	649762	498857	0	0	1	1	0	0	0	0	0	0	 	 	 
NULL	NULL	1170	N1170	650259	498857	0	0	1	1	0	0	0	0	0	0	 	 	 
NULL	NULL	1171	N1171	651661	498847	0	0	1	1	0	0	0	0	0	0	 	 	 
NULL	NULL	1172	N1172	652158	498847	0	0	1	1	0	0	0	0	0	0	 	 	 
NULL	NULL	1173	N1173	654597	540010	180	0	1	1	0	0	0	0	0	0	 	 	 
NULL	NULL	1174	N1174	655094	540010	180	0	1	1	0	0	0	0	0	0	 	 	 
NULL	NULL	1175	N1175	651541	540010	180	0	1	1	0	0	0	0	0	0	 	 	 
NULL	NULL	1176	N1176	652038	540010	180	0	1	1	0	0	0	0	0	0	 	 	 
NULL	NULL	1177	N1177	649649	540010	180	0	1	1	0	0	0	0	0	0	 	 	 
NULL	NULL	1178	N1178	650146	540010	180	0	1	1	0	0	0	0	0	0	 	 	 
NULL	NULL	1179	N1179	647802	540010	180	0	1	1	0	0	0	0	0	0	 	 	 
NULL	NULL	1180	N1180	648299	540010	180	0	1	1	0	0	0	0	0	0	 	 	 
NULL	NULL	1181	N1181	645467	540010	180	0	1	1	0	0	0	0	0	0	 	 	 
NULL	NULL	1182	N1182	645964	540010	180	0	1	1	0	0	0	0	0	0	 	 	 
NULL	NULL	1184	N1184	643590	540010	180	0	1	1	0	0	0	0	0	0	 	 	 
NULL	NULL	1185	N1185	644087	540010	180	0	1	1	0	0	0	0	0	0	 	 	 
NULL	NULL	1186	N1186	639084	540010	180	0	1	1	0	0	0	0	0	0	 	 	 
NULL	NULL	1187	N1187	639581	540010	180	0	1	1	0	0	0	0	0	0	 	 	 
NULL	NULL	1188	N1188	637222	540010	180	0	1	1	0	0	0	0	0	0	 	 	 
NULL	NULL	1189	N1189	637719	540010	180	0	1	1	0	0	0	0	0	0	 	 	 
NULL	NULL	1190	N1190	635330	540010	180	0	1	1	0	0	0	0	0	0	 	 	 
NULL	NULL	1191	N1191	635827	540010	180	0	1	1	0	0	0	0	0	0	 	 	 
NULL	NULL	1192	N1192	632995	540010	180	0	1	1	0	0	0	0	0	0	 	 	 
NULL	NULL	1193	N1193	633492	540010	180	0	1	1	0	0	0	0	0	0	 	 	 
NULL	NULL	1194	N1194	631078	540010	180	0	1	1	0	0	0	0	0	0	 	 	 
NULL	NULL	1195	N1195	631575	540010	180	0	1	1	0	0	0	0	0	0	 	 	 
NULL	NULL	1197	N1197	629232	540010	180	0	1	1	0	0	0	0	0	0	 	 	 
NULL	NULL	1198	N1198	629729	540010	180	0	1	1	0	0	0	0	0	0	 	 	 
NULL	NULL	1200	N1200	626536	540010	180	0	1	1	0	0	0	0	0	0	 	 	 
NULL	NULL	1201	N1201	627033	540010	180	0	1	1	0	0	0	0	0	0	 	 	 
NULL	NULL	5431	N5431	600911	520730	90	0	1	0	0	0	0	0	0	0	 	 	 
CORE_45_8	Drop	5822	N5822	650383	524950	90	0	1	1	0	0	0	0	0	0	 	 	 
CORE_45_8	PickDecision	5822	N5822	650383	524950	90	0	1	1	0	0	0	0	0	0	 	 	 
CORE_45_8	DropDecision	5822	N5822	650383	524950	90	0	1	1	0	0	0	0	0	0	 	 	 
CORE_45_8	Pick	5822	N5822	650383	524950	90	0	1	1	0	0	0	0	0	0	 	 	 
NULL	NULL	9211	N9211	554610	521850	-90	0	1	1	0	0	0	0	0	0	 	 	 
NULL	NULL	9231	N9231	554810	508130	-90	0	1	1	0	0	0	0	0	0	 	 	 
NULL	NULL	9241	N9241	549300	505200	90	0	0	1	0	0	0	0	0	0	 	 	 
NULL	NULL	9312	N9312	648890	508357	90	0	1	1	0	0	0	0	0	0	 	 	 
NULL	NULL	9313	N9313	652000	502600	180	0	1	1	0	0	0	0	0	0	 	 	 
NULL	NULL	9321	N9321	610865	518000	90	0	1	1	0	0	0	0	0	0	 	 	 
NULL	NULL	4051	N4051	515186	502108	0	0	0	1	0	0	0	0	0	0	 	 	 
NULL	NULL	4052	N4052	512698	502108	0	0	0	1	0	0	0	0	0	0	 	 	 
NULL	NULL	7552	N7552	483800	508343	40	0	1	1	0	0	0	0	0	0	 	 	 
NULL	NULL	2056	N2056	583562	515750	0	0	1	1	0	0	0	0	0	0	 	 	 
NULL	NULL	4049	N4049	517473	514600	90	0	1	1	0	0	0	0	0	0	 	 	 
NULL	NULL	2057	N2057	615300	515630	0	0	1	1	0	0	0	0	0	0	 	 	 
NULL	NULL	7142	N7142	651915	501610	180	0	1	1	0	0	0	0	0	0	 	 	 
NULL	NULL	7152	N7152	650038	501610	180	0	1	1	0	0	0	0	0	0	 	 	 
NULL	NULL	6782	N6782	670850	509655	135	0	0	0	0	0	0	0	0	0	 	 	 
NULL	NULL	4050	N4050	579735	514600	90	0	1	1	0	0	0	0	0	0	 	 	 
NULL	NULL	7172	N7172	646282	501610	180	0	1	1	0	0	0	0	0	0	 	 	 
NULL	NULL	7192	N7192	642520	501610	180	0	1	1	0	0	0	0	0	0	 	 	 
P43_09_H1	Park	822	N0822	600186	520423	0	0	1	1	0	0	0	0	0	0	 	 	 
NULL	NULL	7252	N7252	629705	501610	180	0	1	1	0	0	0	0	0	0	 	 	 
Park_South_40_41	Park	2060	N2060	495500	513800	0	0	1	1	1	0	0	0	0	0	 	 	 
NULL	NULL	2070	N2070	606000	513679	0	0	1	1	0	0	0	0	0	0	 	 	 
Park_North_42_43	Park	2071	N2071	608000	513679	0	0	1	1	1	0	0	0	0	0	 	 	 